CREATE DATABASE  IF NOT EXISTS `bicol_region_info_management_system` /*!40100 DEFAULT CHARACTER SET utf8mb4 COLLATE utf8mb4_0900_ai_ci */ /*!80016 DEFAULT ENCRYPTION='N' */;
USE `bicol_region_info_management_system`;
-- MySQL dump 10.13  Distrib 8.0.36, for Win64 (x86_64)
--
-- Host: localhost    Database: bicol_region_info_management_system
-- ------------------------------------------------------
-- Server version	8.0.36

/*!40101 SET @OLD_CHARACTER_SET_CLIENT=@@CHARACTER_SET_CLIENT */;
/*!40101 SET @OLD_CHARACTER_SET_RESULTS=@@CHARACTER_SET_RESULTS */;
/*!40101 SET @OLD_COLLATION_CONNECTION=@@COLLATION_CONNECTION */;
/*!50503 SET NAMES utf8 */;
/*!40103 SET @OLD_TIME_ZONE=@@TIME_ZONE */;
/*!40103 SET TIME_ZONE='+00:00' */;
/*!40014 SET @OLD_UNIQUE_CHECKS=@@UNIQUE_CHECKS, UNIQUE_CHECKS=0 */;
/*!40014 SET @OLD_FOREIGN_KEY_CHECKS=@@FOREIGN_KEY_CHECKS, FOREIGN_KEY_CHECKS=0 */;
/*!40101 SET @OLD_SQL_MODE=@@SQL_MODE, SQL_MODE='NO_AUTO_VALUE_ON_ZERO' */;
/*!40111 SET @OLD_SQL_NOTES=@@SQL_NOTES, SQL_NOTES=0 */;

--
-- Table structure for table `barangays`
--

DROP TABLE IF EXISTS `barangays`;
/*!40101 SET @saved_cs_client     = @@character_set_client */;
/*!50503 SET character_set_client = utf8mb4 */;
CREATE TABLE `barangays` (
  `id` int NOT NULL AUTO_INCREMENT,
  `municipality_id` int NOT NULL,
  `barangay` varchar(255) NOT NULL,
  `latitude` double DEFAULT NULL,
  `longitude` double DEFAULT NULL,
  `wgs84_51n_x_east` double DEFAULT NULL,
  `wgs84_51n_y_north` double DEFAULT NULL,
  PRIMARY KEY (`id`),
  UNIQUE KEY `id` (`id`),
  KEY `municipality_id` (`municipality_id`),
  CONSTRAINT `barangays_ibfk_1` FOREIGN KEY (`municipality_id`) REFERENCES `municipalities` (`id`)
) ENGINE=InnoDB AUTO_INCREMENT=3581 DEFAULT CHARSET=utf8mb4 COLLATE=utf8mb4_0900_ai_ci;
/*!40101 SET character_set_client = @saved_cs_client */;

--
-- Dumping data for table `barangays`
--

LOCK TABLES `barangays` WRITE;
/*!40000 ALTER TABLE `barangays` DISABLE KEYS */;
INSERT INTO `barangays` VALUES (1,1,'Baclayon',13.2852,123.793,585897.215,1468811.869),(2,1,'Banao',13.2559,123.8147,588258.463,1465578.909),(3,1,'Barangay 1',13.2962,123.7938,585980.001,1470028.726),(4,1,'Barangay 10',13.2925,123.7887,585428.861,1469617.758),(5,1,'Barangay 11',13.2924,123.791,585678.037,1469607.488),(6,1,'Barangay 12',13.2916,123.7915,585732.479,1469519.181),(7,1,'Barangay 13',13.2902,123.7942,586025.444,1469365.274),(8,1,'Barangay 14',13.2903,123.7891,585472.96,1469374.579),(9,1,'Barangay 2',13.2947,123.7943,586034.69,1469863.001),(10,1,'Barangay 3',13.2964,123.791,585676.633,1470049.881),(11,1,'Barangay 4',13.2957,123.7905,585622.718,1469972.29),(12,1,'Barangay 5',13.2951,123.7901,585579.6,1469905.794),(13,1,'Barangay 6',13.2939,123.7933,585926.65,1469774.177),(14,1,'Barangay 7',13.2938,123.7916,585742.539,1469762.532),(15,1,'Barangay 8',13.293,123.7917,585753.652,1469674.088),(16,1,'Barangay 9',13.292,123.7938,585981.481,1469564.213),(17,1,'Bariw',13.2529,123.8425,591271.417,1465257.099),(18,1,'Basud',13.2709,123.7988,586530.568,1467232.319),(19,1,'Bayandong',13.2683,123.7854,585079.826,1466940.157),(20,1,'Bonga',13.2808,123.7584,582150.645,1468313.579),(21,1,'Buang',13.346,123.8696,594171.515,1475564.042),(22,1,'Busdac',13.3263,123.9243,600103.694,1473406.59),(23,1,'Cabasan',13.325,123.8794,595241.083,1473245.164),(24,1,'Cagbulacao',13.2804,123.876,594890.184,1468311.083),(25,1,'Cagraray',13.2961,123.8874,596118.963,1470051.879),(26,1,'Cajogutan',13.2848,123.8122,587977.214,1468774.325),(27,1,'Cawayan',13.2936,123.8976,597224.855,1469779.335),(28,1,'Damacan',13.2586,123.8711,594367.783,1465898.142),(29,1,'Gubat Ilawod',13.2876,123.7813,584628.976,1469073.303),(30,1,'Gubat Iraya',13.2867,123.771,583513.546,1468970.291),(31,1,'Hindi',13.2967,123.7775,584214.204,1470078.457),(32,1,'Igang',13.2912,123.8013,586794.185,1469478.335),(33,1,'Langaton',13.3202,123.9065,598178.23,1472724.821),(34,1,'Manaet',13.2825,123.8525,592343.649,1468534.52),(35,1,'Mapulang Daga',13.2628,123.8566,592795.274,1466357.228),(36,1,'Mataas',13.2313,123.879,595234.278,1462881.759),(37,1,'Misibis',13.245,123.9062,598175.962,1464407.499),(38,1,'Nahapunan',13.2643,123.8378,590757.985,1466516.217),(39,1,'Namanday',13.3108,123.9443,602276.422,1471700.394),(40,1,'Namantao',13.2697,123.8514,592229.319,1467118.438),(41,1,'Napao',13.3294,123.8526,592336.715,1473721.692),(42,1,'Panarayon',13.3063,123.7796,584438.352,1471140.909),(43,1,'Pigcobohan',13.3078,123.9044,597955.758,1471352.536),(44,1,'Pili Ilawod',13.2671,123.8189,588709.426,1466819.101),(45,1,'Pili Iraya',13.2685,123.812,587961.417,1466971.497),(46,1,'Pongco',13.3379,123.8919,596589.839,1474676.742),(47,1,'San Pablo',13.3312,123.901,597578.099,1473939.271),(48,1,'San Pedro',13.2753,123.8041,587103.16,1467720.796),(49,1,'Sogod',13.3085,123.7671,583083.656,1471380.018),(50,1,'Sula',13.2397,123.8607,593248.254,1463803.904),(51,1,'Tambilagao',13.3132,123.9197,599610.824,1471955.858),(52,1,'Tambongon',13.2468,123.8365,590623.628,1464580.262),(53,1,'Tanagan',13.3136,123.8638,593555.83,1471978.396),(54,1,'Uson',13.3399,123.8795,595246.081,1474893.154),(55,1,'Vinisitahan-Basud',13.2813,123.7976,586396.893,1468382.125),(56,1,'Vinisitahan-Napao',13.3328,123.8657,593754.234,1474102.639),(57,2,'Anoling',13.1992,123.6756,573205.642,1459263.223),(58,2,'Baligang',13.1522,123.6428,569664.705,1454055.967),(59,2,'Bantonan',13.1517,123.6328,568581.034,1453997.925),(60,2,'Barangay 1',13.1844,123.6566,571151.068,1457620.96),(61,2,'Barangay 2',13.1835,123.6551,570988.776,1457521.001),(62,2,'Barangay 3',13.1812,123.6541,570881.071,1457266.351),(63,2,'Barangay 4',13.1791,123.6534,570805.817,1457033.906),(64,2,'Barangay 5',13.1801,123.6555,571033.104,1457145.093),(65,2,'Barangay 6',13.1791,123.6552,571000.882,1457034.414),(66,2,'Barangay 7',13.1815,123.6563,571119.395,1457300.151),(67,2,'Bariw',13.1653,123.6272,567970.352,1455500.479),(68,2,'Binanderahan',13.1028,123.6054,565624.377,1448582.631),(69,2,'Binitayan',13.1348,123.6673,572325.143,1452138.535),(70,2,'Bongabong',13.1342,123.6476,570190.05,1452066.611),(71,2,'Cabagñan',13.1838,123.6703,572635.877,1457558.524),(72,2,'Cabraran Pequeño',13.0957,123.5935,564336.238,1447794.365),(73,2,'Caguiba',13.1189,123.6215,567365.271,1450367.415),(74,2,'Calabidongan',13.117,123.634,568720.741,1450160.658),(75,2,'Comun',13.1291,123.6595,571481.356,1451505.925),(76,2,'Cotmon',13.1193,123.6629,571852.735,1450423.07),(77,2,'Del Rosario',13.0998,123.6667,572270.332,1448267.573),(78,2,'Gapo',13.18,123.6591,571423.262,1457135.054),(79,2,'Gotob',13.159,123.6504,570486.458,1454810.121),(80,2,'Ilawod',13.1768,123.6507,570513.878,1456778.78),(81,2,'Iluluan',13.1236,123.5953,564524.095,1450880.356),(82,2,'Libod',13.1795,123.6376,569093.47,1457073.745),(83,2,'Ligban',13.1676,123.6497,570408.137,1455761.034),(84,2,'Mabunga',13.0791,123.6174,566931.6,1445964.728),(85,2,'Magogon',13.0645,123.6698,572616.716,1444364.502),(86,2,'Manawan',13.1101,123.582,563085.915,1449383.996),(87,2,'Maninila',13.1021,123.6535,570838.736,1448518.202),(88,2,'Mina',13.1532,123.6577,571279.296,1454170.731),(89,2,'Miti',13.1343,123.6074,565832.799,1452066.826),(90,2,'Palanog',13.1481,123.6156,566717.855,1453595.168),(91,2,'Panoypoy',13.0752,123.6607,571627.009,1445545.262),(92,2,'Pariaan',13.1077,123.5933,564311.442,1449121.423),(93,2,'Quinartilan',13.0936,123.5707,561865.135,1447556.432),(94,2,'Quirangay',13.1897,123.6557,571052.007,1458206.855),(95,2,'Quitinday',13.0961,123.615,566666.84,1447844.172),(96,2,'Salugan',13.1879,123.6633,571876.106,1458009.948),(97,2,'Solong',13.1173,123.6461,570032.253,1450197.161),(98,2,'Sua',13.1947,123.6449,569880.247,1458756.795),(99,2,'Sumlang',13.1807,123.6679,572376.706,1457214.989),(100,2,'Tagaytay',13.1627,123.6386,569206.558,1455216.043),(101,2,'Tagoytoy',13.1469,123.6652,572093.993,1453476.123),(102,2,'Taladong',13.1421,123.6571,571217.47,1452942.967),(103,2,'Taloto',13.0785,123.6427,569674.614,1445905.198),(104,2,'Taplacon',13.093,123.6405,569432.045,1447508.195),(105,2,'Tinago',13.1773,123.6571,571207.305,1456835.882),(106,2,'Tumpa',13.1986,123.6376,569088.107,1459186.091),(107,3,'Alcala',13.1726,123.7136,577331.734,1456332.78),(108,3,'Alobo',13.1113,123.6738,573036.612,1449541.445),(109,3,'Anislag',13.0713,123.7037,576290.077,1445126.502),(110,3,'Bagumbayan',13.1431,123.7156,577557.757,1453070.833),(111,3,'Balinad',13.1442,123.7023,576115.879,1453188.431),(112,3,'Bañadero',13.183,123.7046,576353.149,1457480.22),(113,3,'Bañag',13.1553,123.7104,576990.342,1454418.499),(114,3,'Bascaran',13.1033,123.6981,575673.174,1448663.843),(115,3,'Bigao',13.0352,123.6769,573395.143,1441126.153),(116,3,'Binitayan',13.1555,123.7162,577618.889,1454442.4),(117,3,'Bongalon',13.157,123.696,575429.137,1454602.151),(118,3,'Budiao',13.1826,123.6916,574944.478,1457432.067),(119,3,'Burgos',13.101,123.6827,574004.448,1448404.916),(120,3,'Busay',13.1642,123.6966,575491.961,1455398.615),(121,3,'Canarom',13.0521,123.6623,571807.149,1442991.007),(122,3,'Cullat',13.1591,123.7034,576230.5,1454836.63),(123,3,'Dela Paz',13.1358,123.6921,575012.897,1452256.377),(124,3,'Dinoronan',13.1319,123.6974,575588.553,1451826.64),(125,3,'Gabawan',13.121,123.7129,577272.023,1450625.852),(126,3,'Gapo',13.1371,123.6841,574145.393,1452397.783),(127,3,'Ibaugan',13.0206,123.6346,568812.481,1439499.661),(128,3,'Ilawod Area Poblacion',13.147,123.7146,577448.147,1453501.847),(129,3,'Inarado',13.1331,123.6747,573127.726,1451952.659),(130,3,'Kidaco',13.1489,123.7004,575908.501,1453707.654),(131,3,'Kilicao',13.1602,123.7157,577563.221,1454962.044),(132,3,'Kimantong',13.1446,123.7098,576928.649,1453234.948),(133,3,'Kinawitan',13.0853,123.6699,572621.473,1446664.879),(134,3,'Kiwalo',13.1318,123.7165,577658.858,1451821.384),(135,3,'Lacag',13.1545,123.6812,573825.863,1454321.276),(136,3,'Mabini',13.0958,123.6795,573659.1,1447828.892),(137,3,'Malabog',13.1721,123.6848,574210.736,1456268.803),(138,3,'Malobago',13.1589,123.7126,577227.653,1454817.316),(139,3,'Maopi',13.0765,123.6822,573957.552,1445695.214),(140,3,'Market Area Poblacion',13.1502,123.7142,577403.79,1453855.629),(141,3,'Maroroy',13.1513,123.7206,578097.096,1453979.26),(142,3,'Matnog',13.182,123.7088,576808.61,1457370.905),(143,3,'Mayon',13.0598,123.7079,576748.984,1443855.935),(144,3,'Mi-isi',13.2342,123.688,574538.693,1463137.709),(145,3,'Nabasan',13.0349,123.6481,570272.368,1441084.831),(146,3,'Namantao',13.0909,123.6967,575525.187,1447292.053),(147,3,'Pandan',13.1554,123.6885,574616.771,1454422.964),(148,3,'Peñafrancia',13.1301,123.7034,576239.455,1451629.376),(149,3,'Sagpon',13.1457,123.7185,577871.258,1453359.275),(150,3,'Salvacion',13.1761,123.6798,573667.674,1456709.711),(151,3,'San Rafael',13.0426,123.6581,571354.487,1441939.186),(152,3,'San Ramon',13.0489,123.693,575136.78,1442645.997),(153,3,'San Roque',13.149,123.7111,577068.176,1453721.964),(154,3,'San Vicente Grande',13.0325,123.6635,571942.924,1440823.718),(155,3,'San Vicente Pequeño',13.0779,123.6729,572948.882,1445847.348),(156,3,'Sipi',13.1424,123.7138,577362.881,1452992.863),(157,3,'Tabon-tabon',13.1182,123.7008,575961.291,1450312.513),(158,3,'Tagas',13.1569,123.7252,578593.874,1454600.026),(159,3,'Talahib',13.0989,123.7096,576921.183,1448180.698),(160,3,'Villahermosa',13.0433,123.713,577307.069,1442032.677),(161,4,'Agpay',13.1712,123.5568,560339.352,1456135.018),(162,4,'Balite',13.1017,123.5322,557689.652,1448443.122),(163,4,'Banao',13.2151,123.5747,562268.083,1460994.412),(164,4,'Batbat',13.1391,123.5174,556076.836,1452575.906),(165,4,'Binogsacan Lower',13.2055,123.5829,563159.04,1459934.769),(166,4,'Binogsacan Upper',13.2032,123.5752,562325.279,1459678.479),(167,4,'Bololo',13.1477,123.5375,558253.342,1453531.555),(168,4,'Bubulusan',13.2268,123.5959,564562.074,1462293.72),(169,4,'Calzada',13.1888,123.5926,564214.46,1458090.325),(170,4,'Catomag',13.1762,123.5452,559081.048,1456685.225),(171,4,'Doña Mercedes',13.1295,123.5904,563991.444,1451531.605),(172,4,'Doña Tomasa',13.2312,123.6104,566131.926,1462784.118),(173,4,'Ilawod',13.1936,123.5973,564722.508,1458622.379),(174,4,'Inamnan Grande',13.1853,123.5944,564410.431,1457703.709),(175,4,'Inamnan Pequeño',13.1864,123.6013,565157.863,1457827.142),(176,4,'Inascan',13.2192,123.5812,562971.321,1461449.468),(177,4,'Iraya',13.1894,123.6024,565276.269,1458159.208),(178,4,'Lomacao',13.1971,123.5639,561102.357,1459001.083),(179,4,'Maguiron',13.1798,123.6041,565463.041,1457097.954),(180,4,'Maipon',13.204,123.605,565554.123,1459774.55),(181,4,'Malabnig',13.1801,123.5799,562840.459,1457124.953),(182,4,'Malipo',13.1234,123.5599,560687.053,1450849.454),(183,4,'Malobago',13.1245,123.571,561889.932,1450973.802),(184,4,'Maninila',13.2093,123.6271,567947.364,1460366.579),(185,4,'Mapaco',13.16,123.5751,562325.379,1454900.844),(186,4,'Marcial O. Rañola',13.1079,123.5065,554902.371,1449123.062),(187,4,'Masarawag',13.2218,123.6188,567044.599,1461746.769),(188,4,'Mauraro',13.1501,123.5954,564528.013,1453811.091),(189,4,'Minto',13.1822,123.6219,567391.341,1457368.084),(190,4,'Morera',13.1954,123.5935,564310.262,1458820.47),(191,4,'Muladbucad Grande',13.2437,123.6035,565381.007,1464164.727),(192,4,'Muladbucad Pequeño',13.2365,123.6056,565610.449,1463369.002),(193,4,'Ongo',13.0954,123.5194,556303.549,1447743.511),(194,4,'Palanas',13.0964,123.5512,559750.557,1447861.4),(195,4,'Poblacion',13.1909,123.6,565015.799,1458324.475),(196,4,'Pood',13.0821,123.543,558865.04,1446278.018),(197,4,'Quibongbongan',13.1572,123.6086,565956.747,1454599.722),(198,4,'Quitago',13.17,123.6065,565725.74,1456014.766),(199,4,'San Francisco',13.1914,123.6114,566251.007,1458382.752),(200,4,'San Jose',13.2311,123.5921,564149.23,1462768.296),(201,4,'San Rafael',13.1936,123.6033,565372.68,1458623.934),(202,4,'Sinungtan',13.125,123.546,559180.02,1451023.1),(203,4,'Tandarora',13.203,123.617,566854.687,1459667.123),(204,4,'Travesia',13.1878,123.6127,566392.85,1457984.958),(205,5,'Aurora Poblacion',13.0668,123.6016,565221.914,1444600.319),(206,5,'Bagacay',13.0681,123.5871,563649.527,1444740.401),(207,5,'Bautista',13.0417,123.5804,562929.815,1441819.103),(208,5,'Cabraran',13.0862,123.5932,564306.18,1446743.661),(209,5,'Calzada Poblacion',13.073,123.5999,565035.981,1445285.554),(210,5,'Del Rosario',13.0339,123.6248,567746.169,1440967.908),(211,5,'Estrella',13.0384,123.5318,557660.986,1441442.612),(212,5,'Florista',13.0567,123.6502,570493.901,1443496.341),(213,5,'Mabini Poblacion',13.0685,123.5988,564917.901,1444787.606),(214,5,'Magsaysay Poblacion',13.0692,123.6007,565123.709,1444865.509),(215,5,'Mamlad',13.0212,123.5097,555268.526,1439535.542),(216,5,'Maogog',13.0767,123.5617,560893.635,1445685.247),(217,5,'Mercado Poblacion',13.068,123.6015,565210.757,1444733.004),(218,5,'Plaza Poblacion',13.07,123.5997,565015.083,1444953.726),(219,5,'Quitinday Poblacion',13.0762,123.6036,565436.273,1445640.403),(220,5,'Rizal Poblacion',13.0719,123.5986,564895.329,1445163.569),(221,5,'Salvacion',13.0712,123.6259,567855.267,1445093.307),(222,5,'San Isidro',13.0444,123.6235,567602.356,1442128.783),(223,5,'San Roque',13.0466,123.6093,566062.098,1442368.347),(224,5,'San Vicente',13.058,123.5757,562416.112,1443620.588),(225,5,'Sinagaran',13.0185,123.5358,558099.341,1439242.765),(226,5,'Villa Paz',13.0531,123.5447,559056.231,1443071.266),(227,5,'White Deer Poblacion',13.0674,123.6032,565395.225,1444667.086),(228,6,'Barangay 10-Cabugao',13.1378,123.7329,579434.552,1452490.066),(229,6,'Barangay 11-Maoyod Poblacion',13.1357,123.732,579337.676,1452257.532),(230,6,'Barangay 12-Tula-tula',13.1345,123.7334,579489.808,1452125.258),(231,6,'Barangay 13-Ilawod West Poblacion',13.1372,123.7346,579619.007,1452424.245),(232,6,'Barangay 14-Ilawod Poblacion',13.1372,123.7361,579781.592,1452424.719),(233,6,'Barangay 15-Ilawod East Poblacion',13.1365,123.7404,580247.894,1452348.667),(234,6,'Barangay 16-Kawit-East Washington Drive',13.1439,123.7376,579942.007,1453166.186),(235,6,'Barangay 18-Cabagñan West',13.1413,123.7439,580625.692,1452880.644),(236,6,'Barangay 19-Cabagñan',13.1404,123.7469,580951.151,1452782.07),(237,6,'Barangay 1-Em\'s Barrio',13.1476,123.7292,579030.376,1453572.739),(238,6,'Barangay 20-Cabagñan East',13.1415,123.749,581178.405,1452904.401),(239,6,'Barangay 21-Binanuahan West',13.141,123.7503,581319.474,1452849.522),(240,6,'Barangay 22-Binanuahan East',13.1393,123.7522,581525.973,1452662.123),(241,6,'Barangay 23-Imperial Court Subd.',13.1411,123.7527,581579.573,1452861.357),(242,6,'Barangay 24-Rizal Street',13.1437,123.7527,581578.714,1453148.907),(243,6,'Barangay 25-Lapu-lapu',13.145,123.7535,581664.994,1453292.941),(244,6,'Barangay 26-Dinagaan',13.1466,123.7541,581729.496,1453470.09),(245,6,'Barangay 27-Victory Village South',13.1432,123.7577,582120.816,1453095.233),(246,6,'Barangay 28-Victory Village North',13.1447,123.7557,581903.544,1453260.477),(247,6,'Barangay 29-Sabang',13.1466,123.7562,581957.106,1453470.772),(248,6,'Barangay 2-Em\'s Barrio South',13.1424,123.7247,578544.298,1452996.235),(249,6,'Barangay 30-Pigcale',13.1475,123.7552,581848.422,1453569.983),(250,6,'Barangay 31-Centro-Baybay',13.149,123.7547,581793.732,1453735.715),(251,6,'Barangay 32-San Roque',13.1529,123.7543,581749.086,1454166.91),(252,6,'Barangay 33-PNR-Peñaranda St.-Iraya',13.153,123.7522,581521.449,1454177.289),(253,6,'Barangay 34-Oro Site-Magallanes St.',13.1498,123.7507,581359.929,1453822.896),(254,6,'Barangay 35-Tinago',13.1456,123.752,581502.216,1453358.813),(255,6,'Barangay 36-Kapantawan',13.1461,123.7497,581252.763,1453413.368),(256,6,'Barangay 37-Bitano',13.1465,123.747,580959.99,1453456.737),(257,6,'Barangay 38-Gogon',13.1559,123.747,580956.906,1454496.34),(258,6,'Barangay 39-Bonot',13.1592,123.7512,581411.02,1454862.662),(259,6,'Barangay 3-Em\'s Barrio East',13.1444,123.7296,579074.754,1453218.959),(260,6,'Barangay 40-Cruzada',13.1559,123.7354,579699.681,1454492.638),(261,6,'Barangay 41-Bogtong',13.1605,123.7344,579589.815,1455001.062),(262,6,'Barangay 42-Rawis',13.1706,123.7517,581461.442,1456123.62),(263,6,'Barangay 43-Tamaoyan',13.1731,123.7406,580257.664,1456396.541),(264,6,'Barangay 44-Pawa',13.1742,123.7315,579271.109,1456515.309),(265,6,'Barangay 45-Dita',13.179,123.7398,580169.044,1457048.802),(266,6,'Barangay 46-San Joaquin',13.1798,123.7432,580537.245,1457138.366),(267,6,'Barangay 47-Arimbay',13.1856,123.7536,581662.38,1457783.183),(268,6,'Barangay 48-Bagong Abre',13.1884,123.7395,580133.473,1458088.31),(269,6,'Barangay 49-Bigaa',13.1942,123.7549,581800.4,1458734.736),(270,6,'Barangay 4-Sagpon Poblacion',13.1415,123.7292,579032.328,1452898.106),(271,6,'Barangay 50-Padang',13.2087,123.7546,581763.067,1460338.289),(272,6,'Barangay 51-Buyuan',13.2045,123.7415,580344.946,1459869.549),(273,6,'Barangay 52-Matanag',13.1952,123.7331,579437.727,1458838.33),(274,6,'Barangay 53-Bonga',13.1882,123.7277,578854.806,1458062.455),(275,6,'Barangay 54-Mabinit',13.1846,123.7174,577739.765,1457661.099),(276,6,'Barangay 55-Estanza',13.1224,123.7292,579038.436,1450785.733),(277,6,'Barangay 56-Taysan',13.116,123.7437,580612.265,1450082.508),(278,6,'Barangay 57-Dap-dap',13.1403,123.7595,582316.88,1452775.092),(279,6,'Barangay 58-Buragwis',13.1364,123.7541,581732.872,1452342.01),(280,6,'Barangay 59-Puro',13.134,123.7625,582644.154,1452079.317),(281,6,'Barangay 5-Sagmin Poblacion',13.141,123.7312,579249.264,1452843.437),(282,6,'Barangay 60-Lamba',13.1214,123.7794,584480.28,1450691.402),(283,6,'Barangay 61-Maslog',13.1028,123.7705,583521.82,1448631.35),(284,6,'Barangay 62-Homapon',13.091,123.74,580219.285,1447316.443),(285,6,'Barangay 63-Mariawa',13.0961,123.7248,578569.841,1447875.707),(286,6,'Barangay 64-Bagacay',13.0747,123.7536,581699.029,1445518.088),(287,6,'Barangay 65-Imalnod',13.0638,123.7246,578558.384,1444303.429),(288,6,'Barangay 66-Banquerohan',13.0556,123.7472,581011.386,1443403.662),(289,6,'Barangay 67-Bariis',13.0224,123.7449,580772.778,1439731.174),(290,6,'Barangay 68-San Francisco',13.0377,123.7842,585029.262,1441436.106),(291,6,'Barangay 69-Buenavista',13.0484,123.8065,587443.59,1442627.061),(292,6,'Barangay 6-Bañadero Poblacion',13.14,123.7295,579065.325,1452732.307),(293,6,'Barangay 70-Cagbacong',13.0081,123.7854,585169.496,1438162.871),(294,6,'Barangay 7-Baño',13.1399,123.7337,579520.587,1452722.569),(295,6,'Barangay 8-Bagumbayan',13.1423,123.7346,579617.363,1452988.283),(296,6,'Barangay 9-Pinaric',13.1382,123.7314,579271.84,1452533.832),(297,7,'Alongong',13.2879,123.3289,535624.98,1468997.355),(298,7,'Apud',13.141,123.2931,531766.249,1452746.938),(299,7,'Bacolod',13.2703,123.4439,548084.926,1467070.252),(300,7,'Bariw',13.2789,123.3729,540392.409,1468008.747),(301,7,'Bonbon',13.2771,123.3955,542840.784,1467813.454),(302,7,'Buga',13.2962,123.3595,538938.149,1469919.835),(303,7,'Bulusan',13.2876,123.4084,544236.238,1468976.913),(304,7,'Burabod',13.2652,123.4254,546081.863,1466502.746),(305,7,'Caguscos',13.2321,123.3311,535871.456,1462826.742),(306,7,'East Carisac',13.2995,123.4585,549660.545,1470302.393),(307,7,'Harigue',13.2554,123.3515,538078,1465406.507),(308,7,'Libtong',13.265,123.3691,539983.063,1466470.925),(309,7,'Linao',13.2578,123.4471,548434.044,1465688.476),(310,7,'Mabayawas',13.2232,123.4241,545948.914,1461857.682),(311,7,'Macabugos',13.2359,123.3061,533162.412,1463243.535),(312,7,'Magallang',13.2597,123.3969,542995.494,1465889.413),(313,7,'Malabiga',13.2099,123.3696,540046.227,1460377.478),(314,7,'Marayag',13.2825,123.4598,549804.82,1468422.59),(315,7,'Matara',13.1954,123.389,542150.736,1458777.099),(316,7,'Molosbolos',13.2651,123.3344,536224.101,1466476.689),(317,7,'Natasan',13.2345,123.3942,542707.397,1463102.064),(318,7,'Niño Jesus',13.2569,123.4144,544891.782,1465582.836),(319,7,'Nogpo',13.2885,123.3734,540444.98,1469070.5),(320,7,'Pantao',13.192,123.3266,535389.698,1458391.456),(321,7,'Rawis',13.1491,123.298,532296.257,1453643.331),(322,7,'Sagrada Familia',13.2718,123.3965,542950.037,1467227.494),(323,7,'Salvacion',13.211,123.405,543881.682,1460505.052),(324,7,'Sampongan',13.1967,123.3628,539311.548,1458916.614),(325,7,'San Agustin',13.3229,123.433,546894.065,1472885.297),(326,7,'San Antonio',13.2486,123.4135,544795.802,1464664.77),(327,7,'San Isidro',13.277,123.4414,547812.801,1467810.735),(328,7,'San Jose',13.247,123.3717,540267.675,1464480.714),(329,7,'San Pascual',13.2205,123.4012,543468.265,1461555),(330,7,'San Ramon',13.2376,123.4293,546509.584,1463451.153),(331,7,'San Vicente',13.2613,123.4359,547220.058,1466073.402),(332,7,'Santa Cruz',13.3313,123.4011,543437.731,1473808.47),(333,7,'Talin-talin',13.1673,123.3118,533789.375,1455657.862),(334,7,'Tambo',13.2559,123.2909,531513.081,1465453.363),(335,7,'Villa Petrona',13.2548,123.378,540948.882,1465344.343),(336,7,'West Carisac',13.3104,123.4458,548282.813,1471505.347),(337,7,'Zone I',13.2958,123.4421,547884.94,1469889.992),(338,7,'Zone II',13.2979,123.4404,547700.395,1470121.909),(339,7,'Zone III',13.2993,123.4396,547613.471,1470276.584),(340,7,'Zone IV',13.2999,123.4349,547104.285,1470342.045),(341,7,'Zone V',13.3004,123.44,547656.581,1470398.311),(342,7,'Zone VI',13.302,123.4374,547374.658,1470574.762),(343,7,'Zone VII',13.3046,123.4356,547179.195,1470861.959),(344,8,'Abella',13.1245,123.4311,546726.056,1450943.69),(345,8,'Allang',13.2007,123.4678,550688.304,1459377.806),(346,8,'Amtic',13.2947,123.6283,568053.647,1469811.665),(347,8,'Bacong',13.1385,123.4539,549194.561,1452496.291),(348,8,'Bagumbayan',13.2428,123.5383,558317.491,1464049.069),(349,8,'Balanac',13.1298,123.4801,552036.058,1451539.411),(350,8,'Baligang',13.2785,123.6339,568664.783,1468021.566),(351,8,'Barayong',13.2706,123.5664,561354.861,1467130.286),(352,8,'Basag',13.2692,123.5983,564810.886,1466983.517),(353,8,'Batang',13.2494,123.5642,561121.836,1464785.168),(354,8,'Bay',13.2429,123.556,560235.074,1464064.323),(355,8,'Binanowan',13.2419,123.5867,563561.365,1463961.328),(356,8,'Binatagan',13.2428,123.5283,557234.098,1464046.759),(357,8,'Bobonsuran',13.2398,123.5156,555858.877,1463712.11),(358,8,'Bonga',13.2276,123.547,559263.717,1462370.104),(359,8,'Busac',13.1714,123.4841,552460.767,1456140.829),(360,8,'Busay',13.28,123.5597,560626.736,1468168.226),(361,8,'Cabarian',13.0123,123.3297,535751.534,1438519.094),(362,8,'Calzada',13.2389,123.5438,558914.294,1463619.046),(363,8,'Catburawan',13.018,123.3134,533983.225,1439147.212),(364,8,'Cavasi',13.2278,123.5224,556598.361,1462386.53),(365,8,'Culliat',13.2098,123.4703,550957.309,1460384.694),(366,8,'Dunao',13.2392,123.5386,558350.85,1463651.005),(367,8,'Francia',13.1651,123.4491,548669.072,1455437.069),(368,8,'Guilid',13.2427,123.5345,557905.825,1464037.127),(369,8,'Herrera',13.264,123.5818,563024.807,1466404.205),(370,8,'Layon',13.2409,123.5626,560950.613,1463844.736),(371,8,'Macalidong',13.2173,123.5132,555603.961,1461223.251),(372,8,'Mahaba',13.2684,123.5479,559351.34,1466882.508),(373,8,'Malama',13.1572,123.4606,549916.952,1454565.655),(374,8,'Maonon',13.0405,123.3748,540637.484,1441644.463),(375,8,'Nabonton',13.2513,123.5915,564078.94,1465002.133),(376,8,'Nasisi',13.2578,123.5868,563568.071,1465719.792),(377,8,'Oma-oma',13.1743,123.5087,555126.024,1456466.808),(378,8,'Palapas',13.116,123.4669,550608.159,1450010.575),(379,8,'Pandan',13.2241,123.531,557531.002,1461979.298),(380,8,'Paulba',13.1844,123.4581,549640.533,1457573.232),(381,8,'Paulog',13.2293,123.5685,561592.736,1462563.301),(382,8,'Pinamaniquian',13.2078,123.5539,560016.147,1460182.01),(383,8,'Pinit',13.2549,123.5538,559993.787,1465390.911),(384,8,'Ranao-ranao',13.2235,123.5198,556317.649,1461910.397),(385,8,'San Vicente',13.1415,123.4328,546907.092,1452824.039),(386,8,'Santa Cruz',13.2343,123.5351,557972.815,1463108.288),(387,8,'Tagpo',13.2306,123.5267,557063.596,1462697.165),(388,8,'Tambo',13.2803,123.6173,566866.096,1468216.127),(389,8,'Tandarura',13.1716,123.4686,550780.993,1456159.765),(390,8,'Tastas',13.2202,123.5302,557445.237,1461547.804),(391,8,'Tinago',13.2436,123.5424,558761.49,1464138.503),(392,8,'Tinampo',13.2285,123.5124,555514.747,1462461.706),(393,8,'Tiongson',13.1552,123.5061,554848.514,1454353.941),(394,8,'Tomolin',13.2343,123.5312,557550.278,1463107.388),(395,8,'Tuburan',13.2377,123.5514,559737.98,1463488.137),(396,8,'Tula-tula Grande',13.2212,123.488,552872.701,1461649.105),(397,8,'Tula-tula Pequeño',13.2112,123.4981,553969.216,1460545.34),(398,8,'Tupas',13.1467,123.4925,553376.421,1453410.992),(399,9,'Barangay I',13.3177,123.7384,579972.017,1472388.11),(400,9,'Barangay II',13.319,123.7385,579982.421,1472531.918),(401,9,'Barangay III',13.3208,123.7403,580176.785,1472731.573),(402,9,'Barangay IV',13.3203,123.7373,579852.023,1472675.309),(403,9,'Barangay V',13.3186,123.7353,579635.962,1472486.653),(404,9,'Binitayan',13.3148,123.7609,582409.975,1472074.722),(405,9,'Calbayog',13.2876,123.7304,579115.304,1469056.584),(406,9,'Canaway',13.3186,123.714,577328.977,1472479.931),(407,9,'Salvacion',13.3493,123.8554,592632.394,1475923.679),(408,9,'San Antonio Santicon',13.3501,123.8443,591429.981,1476008.042),(409,9,'San Antonio Sulong',13.3462,123.8437,591366.468,1475576.481),(410,9,'San Francisco',13.309,123.7507,581307.133,1471429.9),(411,9,'San Isidro Ilawod',13.3304,123.7383,579957.014,1473792.663),(412,9,'San Isidro Iraya',13.3309,123.726,578624.713,1473844.037),(413,9,'San Jose',13.2963,123.7561,581896.294,1470027.082),(414,9,'San Roque',13.2872,123.7445,580642.793,1469016.864),(415,9,'Santa Cruz',13.3204,123.7322,579299.617,1472684.737),(416,9,'Santa Teresa',13.3108,123.7464,580840.786,1471627.574),(417,10,'Awang',13.3766,123.6912,574841.673,1478887.549),(418,10,'Bagatangki',13.3804,123.5822,563037.996,1479277.464),(419,10,'Bagumbayan',13.3977,123.7028,576091.125,1481224.682),(420,10,'Balading',13.3887,123.7096,576830.24,1480231.41),(421,10,'Balza',13.4047,123.7011,575904.864,1481998.34),(422,10,'Bariw',13.3797,123.7167,577601.894,1479238.25),(423,10,'Baybay',13.4081,123.7129,577181.37,1482378.026),(424,10,'Bulang',13.3594,123.6245,567624.061,1476966.124),(425,10,'Burabod',13.4257,123.6887,574555.838,1484317.101),(426,10,'Cabunturan',13.4182,123.6932,575045.34,1483488.987),(427,10,'Comun',13.3448,123.663,571797.516,1475362.248),(428,10,'Diaro',13.3683,123.6623,571714.768,1477961.05),(429,10,'Estancia',13.3594,123.6798,573612.471,1476981.874),(430,10,'Jonop',13.423,123.7049,576310.515,1484023.441),(431,10,'Labnig',13.3755,123.6782,573434.334,1478762.001),(432,10,'Libod',13.3986,123.686,574271.858,1481319.111),(433,10,'Malolos',13.3853,123.6781,573420.537,1479845.817),(434,10,'Matalipni',13.3903,123.6775,573354.056,1480398.622),(435,10,'Ogob',13.3591,123.6593,571392.617,1476942.701),(436,10,'Pawa',13.3904,123.7034,576158.385,1480417.508),(437,10,'Payahan',13.4002,123.7068,576523.428,1481502.41),(438,10,'Poblacion',13.3971,123.7056,576394.48,1481159.187),(439,10,'Quinarabasahan',13.3608,123.5826,563086.405,1477109.913),(440,10,'Santa Elena',13.4206,123.6801,573626.352,1483750.475),(441,10,'Soa',13.3347,123.6418,569504.527,1474239.2),(442,10,'Sugcad',13.3997,123.6782,573426.998,1481438.437),(443,10,'Tagoytoy',13.4138,123.6789,573498.504,1482998.059),(444,10,'Tanawan',13.4032,123.6789,573501.726,1481825.734),(445,10,'Tuliw',13.3876,123.69,574708.343,1480103.751),(446,11,'Balabagon',13.1206,123.9128,598941.041,1450651.402),(447,11,'Balasbas',13.1115,123.8899,596462.208,1449636.084),(448,11,'Bamban',13.1039,123.8771,595077.551,1448790.678),(449,11,'Buyo',13.1097,123.866,593872.03,1449428),(450,11,'Cabacongan',13.0557,123.8173,588612.035,1443438.165),(451,11,'Cabit',13.1199,123.9219,599927.776,1450577.568),(452,11,'Cawayan',13.0593,123.819,588795.075,1443836.908),(453,11,'Cawit',13.1289,123.8625,593485.357,1451550.194),(454,11,'Holugan',13.1363,123.9061,598208.516,1452385.202),(455,11,'It-ba',13.1243,123.8677,594050.768,1451043.373),(456,11,'Malobago',13.0812,123.8365,590684.529,1446265.188),(457,11,'Manumbalay',13.1057,123.8504,592182.408,1448979.861),(458,11,'Nagotgot',13.1074,123.9064,598252.514,1449188.986),(459,11,'Pawa',13.1321,123.891,596573.409,1451914.851),(460,11,'Tinapian',13.1017,123.8389,590937.209,1448533.302),(461,12,'Badbad',13.1946,123.4096,544383.061,1458692.177),(462,12,'Badian',13.0299,123.3076,533352.71,1440462.44),(463,12,'Bagsa',13.265,123.5083,555062.325,1466497.418),(464,12,'Bagumbayan',13.2552,123.5099,555237.864,1465413.966),(465,12,'Balogo',13.2882,123.5481,559368.195,1469072.3),(466,12,'Banao',13.2233,123.4519,548960.927,1461874.009),(467,12,'Bangiawon',13.1818,123.386,541827.973,1457272.571),(468,12,'Bogtong',13.0456,123.3404,536906.885,1442203.211),(469,12,'Bongoran',13.2547,123.5014,554317.142,1465356.807),(470,12,'Busac',13.2678,123.4753,551486.887,1466800.035),(471,12,'Cadawag',13.1267,123.3501,537946.183,1451173.396),(472,12,'Cagmanaba',13.0564,123.2973,532232.452,1443391.691),(473,12,'Calaguimit',13.1314,123.4165,545142.306,1451704.103),(474,12,'Calpi',13.2347,123.46,549836.218,1463136.348),(475,12,'Calzada',13.2515,123.5117,555433.702,1465005.173),(476,12,'Camagong',13.226,123.4715,551083.961,1462176.52),(477,12,'Casinagan',13.1521,123.4328,546905.078,1453996.297),(478,12,'Centro Poblacion',13.2562,123.5007,554240.976,1465522.543),(479,12,'Coliat',13.2103,123.4549,549288.576,1460436.911),(480,12,'Del Rosario',13.2222,123.4396,547628.478,1461749.987),(481,12,'Gumabao',13.2456,123.4684,550744.032,1464343.485),(482,12,'Ilaor Norte',13.26,123.4957,553698.479,1465941.713),(483,12,'Ilaor Sur',13.2586,123.4983,553980.448,1465787.444),(484,12,'Iraya Norte',13.2576,123.5024,554424.831,1465677.742),(485,12,'Iraya Sur',13.2556,123.5028,554468.609,1465456.644),(486,12,'Manga',13.2694,123.4622,550067.473,1466974.317),(487,12,'Maporong',13.2594,123.5266,557046.054,1465882.207),(488,12,'Maramba',13.1202,123.2941,531877.313,1450446.82),(489,12,'Matambo',13.2655,123.5263,557012.133,1466556.754),(490,12,'Mayag',13.169,123.3989,543228.118,1455859.201),(491,12,'Mayao',13.2615,123.4906,553145.665,1466106.511),(492,12,'Moroponros',13.1805,123.3755,540690.366,1457127.08),(493,12,'Nagas',13.1056,123.2919,531640.72,1448831.952),(494,12,'Obaliw-Rinas',13.2561,123.4968,553818.501,1465510.64),(495,12,'Pistola',13.2276,123.4818,552199.582,1462355.591),(496,12,'Ramay',13.1843,123.4135,544807.536,1457553.789),(497,12,'Rizal',13.2551,123.5056,554772.053,1465401.96),(498,12,'Saban',13.2646,123.4683,550729.26,1466444.708),(499,12,'San Agustin',13.2752,123.5095,555190.017,1467625.727),(500,12,'San Antonio',13.1202,123.3698,540082.48,1450457.611),(501,12,'San Isidro',13.2408,123.4808,552088.432,1463815.194),(502,12,'San Jose',13.1999,123.4514,548911.413,1459286.078),(503,12,'San Juan',13.2313,123.4873,552794.684,1462765.934),(504,12,'San Miguel',13.1694,123.4234,545883.109,1455907.778),(505,12,'San Pascual',13.1781,123.4331,546932.641,1456871.706),(506,12,'San Ramon',13.2699,123.5367,558137.71,1467045.761),(507,12,'San Vicente',13.2311,123.4987,554029.846,1462746.248),(508,12,'Tablon',13.1444,123.4026,543633.438,1453139.325),(509,12,'Talisay',13.1594,123.416,545083,1454800.537),(510,12,'Talongog',13.259,123.4905,553135.375,1465830.009),(511,12,'Tapel',13.0839,123.2971,532207.202,1446432.841),(512,12,'Tobgon',13.204,123.4191,545410.733,1459733.428),(513,12,'Tobog',13.2737,123.5251,556880.23,1467463.341),(514,13,'Agol',13.0864,123.4622,550104.693,1446736.164),(515,13,'Alabangpuro',13.0491,123.487,552801.117,1442616.183),(516,13,'Banawan',13.0344,123.4474,548510.42,1440982.611),(517,13,'Barangay I',13.028,123.4518,548988.768,1440275.682),(518,13,'Barangay II',13.0304,123.4479,548565.415,1440540.348),(519,13,'Barangay III',13.0299,123.4453,548283.591,1440484.558),(520,13,'Barangay IV',13.03,123.4437,548110.081,1440495.313),(521,13,'Barangay V',13.0303,123.4395,547654.613,1440527.699),(522,13,'Basicao Coastal',13.0464,123.4048,543889.224,1442301.932),(523,13,'Basicao Interior',13.0821,123.4879,552891.672,1446265.855),(524,13,'Binodegahan',13.0612,123.4582,549676.107,1443948.506),(525,13,'Buenavista',12.9901,123.4809,552152.071,1436090.116),(526,13,'Buyo',13.0505,123.5294,557397.966,1442780.218),(527,13,'Caratagan',13.0435,123.4532,549137.515,1441990.092),(528,13,'Cuyaoyao',13.0964,123.4635,550243.596,1447842.324),(529,13,'Flores',13.093,123.4407,547772.676,1447461.899),(530,13,'La Medalla',13.0468,123.4442,548161.047,1442353.313),(531,13,'Lawinon',13.0108,123.4912,553264.683,1438381.458),(532,13,'Macasitas',13.0562,123.4962,553797.078,1443403.308),(533,13,'Malapay',13.0717,123.4913,553262.495,1445116.426),(534,13,'Malidong',13.0132,123.4599,549870.03,1438640.53),(535,13,'Mamlad',13.0261,123.5007,554291.535,1440075.496),(536,13,'Marigondon',13.0414,123.421,545646.606,1441751.843),(537,13,'Matanglad',13.0779,123.5318,557651.825,1445810.957),(538,13,'Nablangbulod',13.0574,123.4743,551422.423,1443531.473),(539,13,'Oringon',13.0382,123.4778,551805.89,1441408.855),(540,13,'Palapas',13.1125,123.4696,550901.543,1449624.051),(541,13,'Panganiran',13.0865,123.4104,544489.215,1446737.54),(542,13,'Rawis',13.0414,123.5121,555524.271,1441769.993),(543,13,'Salvacion',13.0828,123.5052,554766.999,1446346.947),(544,13,'Santo Cristo',13.0921,123.5007,554277.123,1447374.472),(545,13,'Sukip',13.0667,123.5179,556147.436,1444569.215),(546,13,'Tibabo',13.1031,123.4913,553255.753,1448588.972),(547,14,'Agos',13.3338,123.4088,544271.172,1474086.308),(548,14,'Alnay',13.2915,123.5084,555067.185,1469428.143),(549,14,'Alomon',13.288,123.4685,550746.067,1469032.6),(550,14,'Amoguis',13.3455,123.5369,558141.341,1475406.658),(551,14,'Anopol',13.3507,123.5405,558529.946,1475982.591),(552,14,'Apad',13.3192,123.4698,550880.37,1472483.341),(553,14,'Balaba',13.3233,123.5436,558872.281,1472953.059),(554,14,'Balangibang',13.3118,123.447,548412.504,1471660.409),(555,14,'Balinad',13.2932,123.541,558597.927,1469623.586),(556,14,'Basud',13.2904,123.4937,553475.164,1469303.29),(557,14,'Binagbangan',13.3124,123.5015,554315.142,1471738.015),(558,14,'Buyo',13.3218,123.5249,556847.356,1472782.817),(559,14,'Centro Occidental',13.2935,123.4825,552261.345,1469643.75),(560,14,'Centro Oriental',13.2931,123.487,552748.854,1469600.461),(561,14,'Cepres',13.3198,123.5183,556133.011,1472560.132),(562,14,'Cotmon',13.3378,123.5503,559594.365,1474558.264),(563,14,'Cotnogan',13.3436,123.4174,545200.706,1475171.657),(564,14,'Danao',13.3591,123.5709,561819.874,1476918.955),(565,14,'Gabon',13.2937,123.4942,553528.599,1469668.352),(566,14,'Gamot',13.3236,123.507,554908.31,1472977.862),(567,14,'Itaran',13.3312,123.5192,556227.852,1473821.097),(568,14,'Kinale',13.2932,123.4683,550723.322,1469607.638),(569,14,'Kinuartilan',13.3399,123.4848,552500.471,1474775.726),(570,14,'La Medalla',13.3483,123.4703,550928.43,1475701.684),(571,14,'La Purisima',13.3597,123.4654,550395.436,1476961.439),(572,14,'Lanigay',13.3142,123.4783,551802.021,1471932.134),(573,14,'Lidong',13.3493,123.5256,556916.733,1475824.293),(574,14,'Lourdes',13.3521,123.4872,552757.732,1476125.467),(575,14,'Magpanambo',13.3588,123.4337,546962.942,1476855.682),(576,14,'Magurang',13.292,123.4974,553875.586,1469481.035),(577,14,'Matacon',13.3254,123.4334,546936.904,1473161.852),(578,14,'Maynaga',13.3394,123.5206,556377.571,1474728.278),(579,14,'Maysua',13.3545,123.5592,560554.051,1476407.335),(580,14,'Mendez',13.282,123.5199,556315.026,1468380.081),(581,14,'Napo',13.2942,123.5306,557471.196,1469731.757),(582,14,'Pinagdapugan',13.3283,123.537,558156.283,1473504.473),(583,14,'Ponso',13.2891,123.5168,555977.601,1469164.592),(584,14,'Salvacion',13.34,123.4308,546652.522,1474776.004),(585,14,'San Roque',13.3443,123.4405,547702.136,1475253.393),(586,14,'Santa Cruz',13.3073,123.5116,555410.211,1471176.218),(587,14,'Santa Teresita',13.3555,123.4546,549226.797,1476494.781),(588,14,'Santicon',13.3225,123.4503,548767.776,1472844.388),(589,14,'Sugcad',13.3042,123.4882,552876.427,1470828.291),(590,14,'Ubaliw',13.2899,123.4835,552370.434,1469245.828),(591,15,'Bagaobawan',13.2353,124.0562,614432.744,1463398.402),(592,15,'Batan',13.2291,124.049,613655.464,1462709.37),(593,15,'Bilbao',13.2614,124.0219,610704.389,1466269.739),(594,15,'Binosawan',13.1898,124.2124,631382.523,1458442.356),(595,15,'Bogtong',13.2195,124.0178,610279.043,1461633.617),(596,15,'Buenavista',13.2223,124.1705,626824.643,1462015.593),(597,15,'Buhatan',13.2825,123.975,605614.052,1468583.148),(598,15,'Calanaga',13.2615,124.0396,612622.006,1466288.715),(599,15,'Caracaran',13.2369,123.9835,606554.729,1463543.261),(600,15,'Carogcog',13.1813,124.1667,626433.951,1457478.717),(601,15,'Dap-dap',13.2209,124.0345,612088.031,1461795.876),(602,15,'Gaba',13.2718,123.9816,606333.697,1467402.499),(603,15,'Galicia',13.2877,123.9559,603542.72,1469150.27),(604,15,'Guadalupe',13.2104,124.1591,625595.379,1460693.606),(605,15,'Hamorawon',13.2783,124.0033,608681.714,1468130.773),(606,15,'Lagundi',13.2214,124.0076,609172.921,1461839.296),(607,15,'Liguan',13.264,123.9167,599305.889,1466513.067),(608,15,'Linao',13.2023,124.2105,631169.932,1459823.99),(609,15,'Malobago',13.1744,124.1973,629754.104,1456731.115),(610,15,'Mananao',13.2283,124.1439,623939.13,1462665.923),(611,15,'Mancao',13.2785,123.9306,600805.811,1468122.363),(612,15,'Manila',13.2377,123.9497,602892.114,1463617.594),(613,15,'Masaga',13.2478,124.0576,614578.594,1464781.609),(614,15,'Morocborocan',13.2162,124.0917,618288.573,1461302.332),(615,15,'Nagcalsot',13.2765,124.02,610491.714,1467939.023),(616,15,'Pagcolbon',13.1756,124.2088,630999.913,1456869.813),(617,15,'Poblacion',13.1863,124.126,622020.338,1458011.624),(618,15,'Sagrada',13.2531,124.0492,613666,1465363.981),(619,15,'San Ramon',13.2532,124.0753,616493.814,1465387.062),(620,15,'Santa Barbara',13.1779,124.1733,627151.031,1457105.979),(621,15,'Tinocawan',13.2545,123.9304,600794.037,1465467.842),(622,15,'Tinopan',13.2115,124.1972,629723.693,1460834.682),(623,15,'Viga',13.2198,124.1817,628039.631,1461744.768),(624,15,'Villahermosa',13.2608,123.9815,606327.647,1466185.822),(625,16,'Alimsog',13.2272,123.8475,591822.752,1462416.532),(626,16,'Bagong San Roque',13.2508,123.7668,583070.781,1464998.439),(627,16,'Buhatan',13.2286,123.8361,590587.018,1462567.217),(628,16,'Calayucay',13.2378,123.7859,585144.601,1463567.096),(629,16,'Del Rosario Poblacion',13.2351,123.7772,584202.916,1463265.538),(630,16,'Fidel Surtida',13.244,123.7636,582726.389,1464245.316),(631,16,'Lidong',13.2238,123.7583,582158.94,1462009.51),(632,16,'Market Site Poblacion',13.2366,123.7764,584115.723,1463431.165),(633,16,'Nagsiya Poblacion',13.2391,123.7758,584049.858,1463707.457),(634,16,'Pandayan Poblacion',13.2332,123.78,584506.943,1463056.347),(635,16,'Salvacion',13.2384,123.8091,587658.028,1463641.467),(636,16,'San Andres',13.2614,123.7793,584421.378,1466174.962),(637,16,'San Fernando',13.2654,123.7607,582404.989,1466611.139),(638,16,'San Francisco Poblacion',13.2354,123.7757,584040.292,1463298.213),(639,16,'San Isidro',13.2306,123.7679,583196.813,1462764.74),(640,16,'San Juan Poblacion',13.2341,123.7773,584214.094,1463154.974),(641,16,'San Pedro Poblacion',13.2357,123.7782,584311.057,1463332.233),(642,16,'San Rafael Poblacion',13.2356,123.7803,584538.62,1463321.882),(643,16,'San Roque',13.2405,123.7749,583951.867,1463861.991),(644,16,'San Vicente Poblacion',13.2356,123.7792,584419.438,1463321.511),(645,16,'Santa Misericordia',13.2549,123.7602,582354.357,1465449.703),(646,16,'Santo Domingo Poblacion',13.2354,123.7778,584267.821,1463298.919),(647,16,'Santo Niño',13.2405,123.7714,583572.66,1463860.819),(648,17,'Agnas',13.3847,123.7844,584930.866,1479813.467),(649,17,'Bacolod',13.3625,123.7332,579394.175,1477341.203),(650,17,'Bangkilingan',13.3585,123.7175,577695.309,1476893.84),(651,17,'Bantayan',13.3372,123.6577,571225.773,1474520.193),(652,17,'Baranghawon',13.3524,123.724,578401.171,1476221.243),(653,17,'Basagan',13.3353,123.6724,572818.347,1474314.324),(654,17,'Basud',13.355,123.7283,578865.992,1476510.159),(655,17,'Bogñabong',13.3418,123.7162,577559.861,1475046.463),(656,17,'Bombon',13.3619,123.7263,578647.171,1477272.645),(657,17,'Bonot',13.3228,123.6655,572074.775,1472929.864),(658,17,'Buang',13.3043,123.6391,569220.757,1470876.353),(659,17,'Buhian',13.3248,123.6562,571066.945,1473148.378),(660,17,'Cabagñan',13.3387,123.7227,578264.801,1474705.652),(661,17,'Cobo',13.3509,123.7283,578867.323,1476056.71),(662,17,'Comon',13.3168,123.7008,575899.862,1472276.791),(663,17,'Cormidal',13.3611,123.7348,579567.898,1477186.879),(664,17,'Divino Rostro',13.3568,123.7316,579222.772,1476710.286),(665,17,'Fatima',13.3498,123.7354,579636.578,1475937.32),(666,17,'Guinobat',13.3516,123.715,577426.78,1476129.938),(667,17,'Hacienda',13.3761,123.796,586189.986,1478866.325),(668,17,'Magapo',13.3056,123.6724,572827.228,1471029.627),(669,17,'Mariroc',13.3425,123.7087,576747.401,1475121.55),(670,17,'Matagbac',13.3534,123.7067,576527.372,1476326.437),(671,17,'Oras',13.3232,123.6346,568728.013,1472965.352),(672,17,'Oson',13.3227,123.6834,574013.487,1472924.064),(673,17,'Panal',13.3549,123.7204,578010.51,1476496.601),(674,17,'Pawa',13.3653,123.7219,578169.6,1477647.284),(675,17,'Pinagbobong',13.3403,123.6996,575762.574,1474875.442),(676,17,'Quinale Cabasan',13.3591,123.7325,579319.484,1476964.947),(677,17,'Quinastillojan',13.3462,123.6679,572327.751,1475518.505),(678,17,'Rawis',13.4001,123.7671,583052.326,1481510.813),(679,17,'Sagurong',13.3962,123.7798,584428.765,1481083.779),(680,17,'Salvacion',13.3471,123.7355,579648.292,1475638.74),(681,17,'San Antonio',13.3474,123.6774,573356.199,1475654.008),(682,17,'San Carlos',13.3757,123.7195,577906.368,1478796.74),(683,17,'San Isidro',13.3264,123.6782,573449.177,1473331.727),(684,17,'San Juan',13.3592,123.7287,578907.944,1476974.795),(685,17,'San Lorenzo',13.3368,123.7354,579640.837,1474499.555),(686,17,'San Ramon',13.3477,123.7306,579117.443,1475703.531),(687,17,'San Roque',13.3551,123.7366,579764.792,1476523.873),(688,17,'San Vicente',13.3568,123.6988,575670.796,1476700.042),(689,17,'Santo Cristo',13.3575,123.7357,579666.541,1476789.017),(690,17,'Sua-Igot',13.344,123.6304,568267.294,1475264.574),(691,17,'Tabiguian',13.324,123.6452,569875.821,1473056.783),(692,17,'Tagas',13.3518,123.7315,579213.573,1476157.267),(693,17,'Tayhi',13.3623,123.7299,579036.884,1477318.029),(694,17,'Visita',13.3941,123.7741,583812.32,1480849.583),(695,18,'Bagumbayan',13.4491,123.6687,572383.611,1486899.111),(696,18,'Bariis',13.4877,123.6332,568529.771,1491157.975),(697,18,'Baybay',13.4606,123.6839,574025.476,1488175.496),(698,18,'Belen',13.4418,123.6754,573111.097,1486093.731),(699,18,'Biyong',13.4476,123.6495,570305.658,1486727.655),(700,18,'Bolo',13.4694,123.68,573600.631,1489147.582),(701,18,'Cale',13.4613,123.6519,570561.447,1488243.514),(702,18,'Cararayan',13.4657,123.6629,571750.819,1488733.321),(703,18,'Coro-coro',13.4474,123.6774,573325.901,1486713.669),(704,18,'Dap-dap',13.5133,123.6045,565416.556,1493981.409),(705,18,'Gajo',13.4512,123.6812,573736.091,1487135.072),(706,18,'Joroan',13.4895,123.6197,567068.143,1491353.322),(707,18,'Libjo',13.461,123.6715,572683.121,1488216.039),(708,18,'Libtong',13.4547,123.6719,572728.32,1487519.396),(709,18,'Matalibong',13.4849,123.6367,568909.384,1490849.283),(710,18,'Maynonong',13.4966,123.6148,566535.847,1492137.222),(711,18,'Mayong',13.5203,123.5987,564786.992,1494754.042),(712,18,'Misibis',13.5075,123.6089,565894.315,1493341.129),(713,18,'Naga',13.4723,123.6571,571121.066,1489461.576),(714,18,'Nagas',13.4351,123.6778,573372.942,1485353.445),(715,18,'Oyama',13.4522,123.6766,573237.842,1487244.297),(716,18,'Putsan',13.4773,123.6715,572678.199,1490018.772),(717,18,'San Bernardo',13.4309,123.6563,571046.675,1484882.643),(718,18,'Sogod',13.4817,123.6478,570111.704,1490498.514),(719,18,'Tigbi',13.457,123.6794,573539.473,1487775.997),(1024,32,'Angas',14.0502,123.0157,501695.087,1553278.245),(1025,32,'Bactas',14.0802,122.9684,496588.678,1556596.287),(1026,32,'Binatagan',14.0271,122.9094,490217.179,1550725.31),(1027,32,'Caayunan',13.9901,122.947,494276.243,1546632.056),(1028,32,'Guinatungan',14.0069,122.8921,488348.137,1548492.068),(1029,32,'Hinampacan',14.0766,123.0054,500582.957,1556197.92),(1030,32,'Langa',14.0428,122.9272,492139.727,1552460.994),(1031,32,'Laniton',14.0554,122.9357,493057.858,1553854.232),(1032,32,'Lidong',14.0116,123.0123,501328.22,1549009.244),(1033,32,'Mampili',14.0774,122.9775,497571.023,1556286.506),(1034,32,'Mandazo',14.0336,123.0169,501824.779,1551442.37),(1035,32,'Mangcamagong',14.0421,123.0276,502980.002,1552382.54),(1036,32,'Manmuntay',14.0394,122.9758,497387.069,1552083.892),(1037,32,'Mantugawe',14.0234,122.9301,492452.207,1550315.349),(1038,32,'Matnog',14.0733,122.9499,494591.381,1555833.522),(1039,32,'Mocong',14.0628,122.9748,497279.373,1554671.838),(1040,32,'Oliva',14.0178,122.9874,498639.421,1549694.936),(1041,32,'Pagsangahan',14.0305,122.9434,493888.528,1551100.191),(1042,32,'Pinagwarasan',14.0512,122.9833,498196.954,1553388.848),(1043,32,'Plaridel',13.9805,122.9281,492234.807,1545570.882),(1044,32,'Poblacion 1',14.0649,122.9658,496307.754,1554904.212),(1045,32,'Poblacion 2',14.0662,122.9605,495735.588,1555048.075),(1046,32,'San Felipe',14.0127,122.931,492549.044,1549131.951),(1047,32,'San Jose',14.0412,122.9575,495411.21,1552283.243),(1048,32,'San Pascual',13.9428,123.0207,502235.961,1541400.383),(1049,32,'Taba-taba',14.0566,123.0252,502720.7,1553986.146),(1050,32,'Tacad',14.0634,122.998,499784.078,1554738.051),(1051,32,'Taisan',14.0467,122.9964,499611.312,1552891.108),(1052,32,'Tuaca',13.9656,122.9513,494740.067,1543922.382),(1053,33,'Alayao',14.2808,122.5592,452455.619,1578826.869),(1054,33,'Binawangan',14.2877,122.4239,437863.764,1579621.973),(1055,33,'Calabaca',14.3002,122.4331,438859.452,1581002.062),(1056,33,'Camagsaan',14.3192,122.4714,442995.032,1583093.746),(1057,33,'Catabaguangan',14.2941,122.5381,450182.671,1580302.283),(1058,33,'Catioan',14.3192,122.5037,446478.389,1583086.041),(1059,33,'Del Pilar',14.2734,122.3932,434548.325,1578048.785),(1060,33,'Itok',14.2894,122.4757,443451.31,1579796.755),(1061,33,'Lucbanan',14.256,122.4898,444964,1576099.279),(1062,33,'Mabini',14.2738,122.445,440135.931,1578079.059),(1063,33,'Mactang',14.2954,122.4496,440637.778,1580466.885),(1064,33,'Magsaysay',14.2287,122.5508,451538.46,1573066.325),(1065,33,'Mataque',14.3011,122.5189,448113.456,1581080.699),(1066,33,'Old Camp',14.2544,122.559,452428.508,1575907.059),(1067,33,'Poblacion',14.3309,122.4931,445338.079,1584382.558),(1068,33,'San Antonio',14.2507,122.4472,440367.163,1575523.587),(1069,33,'San Isidro',14.3301,122.5295,449263.2,1584285.789),(1070,33,'San Roque',14.3174,122.5585,452387.82,1582874.997),(1071,33,'Tanawan',14.2135,122.5682,453412.563,1571381.66),(1072,33,'Ubang',14.3155,122.4917,445183.367,1582679.62),(1073,33,'Villa Aurora',14.2244,122.4588,441611.779,1572611.824),(1074,33,'Villa Belen',14.2373,122.4274,438227.549,1574046.682),(1075,34,'Alawihao',14.108,122.9246,491861.31,1559671.929),(1076,34,'Awitan',14.1375,122.962,495898.802,1562933.543),(1077,34,'Bagasbas',14.1369,122.9813,497981.774,1562866.933),(1078,34,'Barangay I',14.1115,122.959,495574.521,1560058.096),(1079,34,'Barangay II',14.1068,122.9562,495272.196,1559538.349),(1080,34,'Barangay III',14.1116,122.9546,495099.593,1560069.243),(1081,34,'Barangay IV',14.117,122.9496,494560.029,1560666.572),(1082,34,'Barangay V',14.1201,122.9512,494732.798,1561009.384),(1083,34,'Barangay VI',14.1194,122.9571,495369.597,1560931.842),(1084,34,'Barangay VII',14.1171,122.9601,495693.358,1560677.414),(1085,34,'Barangay VIII',14.1137,122.9587,495542.182,1560301.413),(1086,34,'Bibirao',14.0955,122.9247,491871.662,1558289.475),(1087,34,'Borabod',14.1279,122.9645,496168.457,1561871.776),(1088,34,'Calasgasan',14.0856,122.9362,493112.745,1557194.208),(1089,34,'Camambugan',14.1079,122.9485,494441.079,1559660.173),(1090,34,'Cobangbang',14.1057,122.961,495790.291,1559416.602),(1091,34,'Dogongan',14.1,122.9032,489551.024,1558788.006),(1092,34,'Gahonon',14.1277,122.9514,494754.559,1561849.91),(1093,34,'Gubat',14.1144,122.9717,496945.379,1560378.623),(1094,34,'Lag-on',14.1149,122.938,493307.911,1560434.62),(1095,34,'Magang',14.1007,122.9549,495131.744,1558863.74),(1096,34,'Mambalite',14.0945,122.9823,498089.347,1558177.65),(1097,34,'Mancruz',14.0918,122.9548,495120.76,1557879.438),(1098,34,'Pamorangon',14.0939,122.9632,496027.558,1558111.531),(1099,34,'San Isidro',14.105,122.982,498057.052,1559338.91),(1100,35,'Bagong Bayan',14.3038,122.6876,466308.324,1581348.195),(1101,35,'Calero',14.2847,122.6763,465086.685,1579237.419),(1102,35,'Dahican',14.3108,122.6015,457023.834,1582136.629),(1103,35,'Dayhagan',14.2925,122.6286,459943.226,1580107.798),(1104,35,'Larap',14.2982,122.6481,462047.348,1580734.938),(1105,35,'Luklukan Norte',14.2991,122.7001,467655.761,1580826.599),(1106,35,'Luklukan Sur',14.3192,122.7038,468057.65,1583049.13),(1107,35,'Motherlode',14.2833,122.6982,467448.572,1579079.399),(1108,35,'Nakalaya',14.2757,122.6781,465279.45,1578241.757),(1109,35,'North Poblacion',14.2902,122.6925,466834.789,1579843.339),(1110,35,'Osmeña',14.3153,122.6766,465123.76,1582621.714),(1111,35,'Pag-asa',14.2962,122.6672,464107,1580510.699),(1112,35,'Parang',14.2802,122.6918,466757.823,1578737.449),(1113,35,'Plaridel',14.2841,122.6963,467243.757,1579168.146),(1114,35,'Salvacion',14.3114,122.6313,460237.757,1582197.67),(1115,35,'San Isidro',14.2516,122.6556,462848.598,1575579.795),(1116,35,'San Jose',14.2747,122.6078,457696.519,1578142.809),(1117,35,'San Martin',14.2343,122.5923,456016.804,1573677.453),(1118,35,'San Pedro',14.2288,122.6143,458389.218,1573065.116),(1119,35,'San Rafael',14.2572,122.6928,466862.321,1576193.531),(1120,35,'Santa Cruz',14.2566,122.6253,459580.902,1576137.842),(1121,35,'Santa Elena',14.2754,122.646,461817.014,1578213.613),(1122,35,'Santa Milagrosa',14.2894,122.6692,464321.633,1579758.315),(1123,35,'Santa Rosa Norte',14.284,122.7127,469012.615,1579154.835),(1124,35,'Santa Rosa Sur',14.2573,122.7285,470713.322,1576199.801),(1125,35,'South Poblacion',14.2879,122.6938,466974.665,1579588.776),(1126,35,'Tamisan',14.2083,122.6651,463866.519,1570789.371),(1127,36,'Anahaw',14.1511,122.8355,482247.164,1564443.551),(1128,36,'Anameam',14.1626,122.5965,456456.214,1565746.696),(1129,36,'Awitan',14.2162,122.8332,482004.083,1571643.6),(1130,36,'Baay',14.0841,122.7368,471587.105,1557043.262),(1131,36,'Bagacay',14.2018,122.8308,481743.994,1570051.184),(1132,36,'Bagong Silang I',14.1759,122.6269,459739.224,1567212.218),(1133,36,'Bagong Silang II',14.2047,122.5956,456367.142,1570403.088),(1134,36,'Bagong Silang III',14.1893,122.6262,459666.056,1568694.362),(1135,36,'Bakiad',14.1697,122.8458,483360.096,1566499.897),(1136,36,'Bautista',14.1452,122.8445,483218.013,1563790.367),(1137,36,'Bayabas',14.1884,122.462,441947.85,1568629.38),(1138,36,'Bayan-bayan',14.1064,122.7589,473975.379,1559507.015),(1139,36,'Benit',14.1369,122.7881,477130.319,1562877.182),(1140,36,'Bulhao',14.169,122.8301,481665.83,1566423.652),(1141,36,'Cabatuhan',14.1476,122.5332,449621.751,1564100.395),(1142,36,'Cabusay',14.1842,122.8401,482746.097,1568103.967),(1143,36,'Calabasa',14.1528,122.7595,474045.402,1564638.654),(1144,36,'Canapawan',14.1682,122.5621,452745.028,1566372.722),(1145,36,'Daguit',14.1933,122.7189,469669.23,1569122.741),(1146,36,'Dalas',14.1466,122.824,481005.707,1563946.767),(1147,36,'Dumagmang',14.1076,122.6264,459673.234,1559658.432),(1148,36,'Exciban',14.1532,122.6503,462260.569,1564697.734),(1149,36,'Fundado',14.1897,122.8421,482962.317,1568712.104),(1150,36,'Guinacutan',14.1569,122.8616,485064.259,1565083.192),(1151,36,'Guisican',14.1906,122.4904,445012.917,1568865.835),(1152,36,'Gumamela',14.1568,122.8312,481783.561,1565074.284),(1153,36,'Iberica',14.1382,122.8597,484857.979,1563015.156),(1154,36,'Kalamunding',14.1562,122.8295,481600.053,1565008.058),(1155,36,'Lugui',14.0607,122.8121,479713.838,1554447.524),(1156,36,'Mabilo I',14.1203,122.8161,480150.84,1561038.727),(1157,36,'Mabilo II',14.136,122.8315,481814.283,1562773.847),(1158,36,'Macogon',14.1722,122.6653,463882.381,1566796.736),(1159,36,'Mahawan-hawan',14.1989,122.8002,478442.091,1569733.06),(1160,36,'Malangcao-Basud',14.1843,122.7498,473002.303,1568123.572),(1161,36,'Malasugui',14.1517,122.8459,483369.578,1564509.147),(1162,36,'Malatap',14.1637,122.6169,458657.913,1565864.657),(1163,36,'Malaya',14.1098,122.5786,454514.012,1559910.475),(1164,36,'Malibago',14.1415,122.5805,454725.366,1563416.09),(1165,36,'Maot',14.1617,122.7282,470668.649,1565626.665),(1166,36,'Masalong',14.1672,122.8119,479701.675,1566226.079),(1167,36,'Matanlang',14.1372,122.7668,474831.501,1562912.542),(1168,36,'Napaod',14.1127,122.7847,476760.912,1560201.072),(1169,36,'Pag-asa',14.0998,122.6889,466418.472,1558785.947),(1170,36,'Pangpang',14.1631,122.7837,476658.114,1565775.259),(1171,36,'Pinya',14.1534,122.8286,481502.7,1564698.458),(1172,36,'San Antonio',14.1104,122.8256,481175.408,1559943.039),(1173,36,'San Francisco',14.1529,122.83,481653.747,1564643.049),(1174,36,'Santa Cruz',14.183,122.8576,484634.346,1567970.03),(1175,36,'Submakin',14.1626,122.6912,466675.885,1565731.153),(1176,36,'Talobatib',14.1824,122.7842,476714.04,1567909.738),(1177,36,'Tigbinan',14.1876,122.5077,446878.971,1568530.032),(1178,36,'Tulay na Lupa',14.0929,122.7844,476726.523,1558011.287),(1179,37,'Apuao',14.0823,123.1048,511313.4,1556830.827),(1180,37,'Barangay I',14.1121,123.0043,500464.134,1560124.072),(1181,37,'Barangay II',14.109,123.0033,500356.201,1559781.222),(1182,37,'Barangay III',14.1098,123.007,500755.575,1559869.708),(1183,37,'Barangay IV',14.108,123.0091,500982.255,1559670.643),(1184,37,'Barangay V',14.1089,123.0106,501144.161,1559770.186),(1185,37,'Barangay VI',14.1104,123.0119,501284.474,1559936.087),(1186,37,'Barangay VII',14.1093,123.0126,501360.038,1559814.435),(1187,37,'Caringo',14.0405,123.0955,510311.315,1552207.498),(1188,37,'Catandunganon',14.094,123.0038,500410.198,1558122.284),(1189,37,'Cayucyucan',14.0756,123.038,504102.305,1556087.648),(1190,37,'Colasi',13.9146,123.0852,509204.205,1538283.169),(1191,37,'Del Rosario',14.1133,122.9899,498909.83,1560256.806),(1192,37,'Gaboc',14.0812,123.0188,502029.512,1556706.735),(1193,37,'Hamoraon',13.8852,123.0826,508924.451,1535031.6),(1194,37,'Hinipaan',13.9922,123.0471,505086.538,1546864.171),(1195,37,'Lalawigan',13.8864,123.0598,506461.009,1535163.578),(1196,37,'Lanot',13.866,123.0424,504581.45,1532907.06),(1197,37,'Mambungalon',14.0922,123.042,504533.799,1557923.612),(1198,37,'Manguisoc',14.1031,123.0173,501867.405,1559128.772),(1199,37,'Masalongsalong',13.9783,123.056,506048.051,1545327.111),(1200,37,'Matoogtoog',14.0019,123.028,503023.717,1547936.616),(1201,37,'Pambuhan',13.9737,123.0846,509137.061,1544819.289),(1202,37,'Quinapaguian',14.069,123.0729,507870.175,1555358.603),(1203,37,'San Roque',14.1131,122.9952,499481.899,1560234.669),(1204,37,'Tarum',13.947,123.0793,508565.63,1541866.211),(1205,38,'Awitan',14.2191,122.858,484679.936,1571962.562),(1206,38,'Bagumbayan',14.3008,122.7803,476305.56,1581004.929),(1207,38,'Bakal',14.2748,122.8422,482979.48,1578123.948),(1208,38,'Batobalani',14.2348,122.7453,472522.825,1573709.291),(1209,38,'Calaburnay',14.2426,122.808,479287.672,1574565.47),(1210,38,'Capacuan',14.2498,122.7379,471726.371,1575369.151),(1211,38,'Casalugan',14.3004,122.7609,474213.232,1580962.759),(1212,38,'Dagang',14.2381,122.7579,473882.506,1574072.816),(1213,38,'Dalnac',14.2094,122.7705,475238.664,1570897.281),(1214,38,'Dancalan',14.2268,122.8471,483504.515,1572814.905),(1215,38,'Gumaus',14.2945,122.7423,472206.499,1580312.375),(1216,38,'Labnig',14.2732,122.8169,480250.441,1577948.992),(1217,38,'Macolabo Island',14.4021,122.8126,479798.18,1592205.53),(1218,38,'Malacbang',14.2173,122.789,477235.474,1571769.119),(1219,38,'Malaguit',14.2708,122.7928,477650.718,1577685.74),(1220,38,'Mampungo',14.2423,122.8425,483009.405,1574529.498),(1221,38,'Mangkasay',14.2528,122.8218,480777.239,1575692.384),(1222,38,'Maybato',14.2186,122.7467,472671.912,1571917.438),(1223,38,'Palanas',14.2801,122.7911,477468.274,1578714.467),(1224,38,'Pinagbirayan Malaki',14.2414,122.7884,477173.16,1574434.585),(1225,38,'Pinagbirayan Munti',14.2302,122.769,475079.102,1573197.876),(1226,38,'Poblacion Norte',14.2807,122.7881,477144.757,1578781.119),(1227,38,'Poblacion Sur',14.279,122.7864,476961.223,1578593.27),(1228,38,'Tabas',14.2553,122.8368,482395.514,1575967.692),(1229,38,'Talusan',14.2454,122.7712,475318.096,1574878.731),(1230,38,'Tawig',14.2589,122.7561,473690.733,1576373.461),(1231,38,'Tugos',14.2712,122.7809,476367.18,1577731.156),(1232,39,'Daculang Bolo',14.0723,122.9126,490564.561,1555724.101),(1233,39,'Dagotdotan',14.0628,122.9005,489257.837,1554673.959),(1234,39,'Langga',14.0456,122.9042,489656.522,1552771.548),(1235,39,'Laniton',14.0618,122.9185,491201.106,1554562.618),(1236,39,'Maisog',14.0478,122.8667,485607.798,1553016.824),(1237,39,'Mampurog',14.0459,122.8851,487594.319,1552805.647),(1238,39,'Manlimonsito',13.9674,122.9284,492266.77,1544122.08),(1239,39,'Matacong',14.0352,122.8641,485326.278,1551623.478),(1240,39,'Salvacion',13.9492,122.9176,491099.606,1542109.633),(1241,39,'San Antonio',13.9439,122.9087,490138.051,1541523.833),(1242,39,'San Isidro',13.9852,122.8652,485441.9,1546093.64),(1243,39,'San Ramon',13.9676,122.901,489307.412,1544145.262),(1244,40,'Asdum',14.1051,122.8542,484262.111,1559354.775),(1245,40,'Cabanbanan',14.1185,122.8846,487544.269,1560834.942),(1246,40,'Calabagas',14.119,122.8696,485925.268,1560891.088),(1247,40,'Fabrica',14.0735,122.8525,484076.42,1555860.051),(1248,40,'Iraya Sur',14.0624,122.8541,484248.391,1554632.328),(1249,40,'Man-ogob',14.09,122.8833,487402.388,1557683.02),(1250,40,'Poblacion District I',14.1051,122.8728,486269.829,1559353.61),(1251,40,'Poblacion District II',14.1064,122.8727,486259.112,1559497.391),(1252,40,'San Jose',14.0738,122.8668,485620.219,1555892.31),(1253,41,'Basiad',14.1793,122.3487,429719.139,1567653.995),(1254,41,'Bulala',14.1981,122.444,440008.084,1569706.759),(1255,41,'Don Tomas',14.0936,122.3783,432888.227,1558166.707),(1256,41,'Guitol',14.1222,122.4175,437127.793,1561319.069),(1257,41,'Kabuluan',14.1137,122.368,431782.29,1560392.768),(1258,41,'Kagtalaba',14.1538,122.3575,430661.03,1564831),(1259,41,'Maulawin',14.0937,122.3382,428559.345,1558189.574),(1260,41,'Patag Ibaba',14.0869,122.3148,426031.044,1557444.706),(1261,41,'Patag Iraya',14.0763,122.3279,427441.932,1556268.242),(1262,41,'Plaridel',14.133,122.3868,433817.196,1562522.005),(1263,41,'Polungguitguit',14.2097,122.368,431810.946,1571010.606),(1264,41,'Rizal',14.1964,122.405,435799.409,1569529.104),(1265,41,'Salvacion',14.2342,122.3751,432584.282,1573718.314),(1266,41,'San Lorenzo',14.2195,122.3944,434662.259,1572086.958),(1267,41,'San Pedro',14.1521,122.3825,433358.643,1564635.721),(1268,41,'San Vicente',14.1772,122.3736,432405.538,1567414.391),(1269,41,'Santa Elena',14.1813,122.3935,434554.184,1567862.201),(1270,41,'Tabugon',14.0741,122.3729,432299.539,1556011.521),(1271,41,'Villa San Isidro',14.1625,122.422,437624.502,1565775.102),(1272,42,'Binanuaan',14.1381,122.9414,493675.537,1563000.358),(1273,42,'Caawigan',14.1307,122.8981,489001.982,1562183.544),(1274,42,'Cahabaan',14.1185,122.9125,490555.666,1560833.642),(1275,42,'Calintaan',14.1248,122.9239,491786.354,1561529.969),(1276,42,'Del Carmen',14.1643,122.9442,493978.42,1565897.912),(1277,42,'Gabon',14.1277,122.912,490502.079,1561851.148),(1278,42,'Itomang',14.1255,122.9335,492822.526,1561607.072),(1279,42,'Poblacion',14.1362,122.9237,491765.177,1562790.774),(1280,42,'San Francisco',14.1421,122.929,492337.388,1563443.114),(1281,42,'San Isidro',14.1412,122.8998,489185.959,1563344.727),(1282,42,'San Jose',14.1568,122.9481,494399.099,1565068.341),(1283,42,'San Nicolas',14.1445,122.9562,495272.974,1563707.826),(1284,42,'Santa Cruz',14.1203,122.8928,488429.43,1561033.596),(1285,42,'Santa Elena',14.1604,122.9315,492607.79,1565466.949),(1286,42,'Santo Niño',14.1426,122.9158,490912.808,1563498.883),(1287,43,'Aguit-it',14.2445,122.8726,486256.635,1574770.826),(1288,43,'Banocboc',14.4149,122.952,494825.877,1593613.517),(1289,43,'Barangay I',14.175,122.91,490288.226,1567082.446),(1290,43,'Barangay II',14.1741,122.9071,489975.252,1566983.031),(1291,43,'Barangay III',14.1745,122.9047,489716.288,1567027.374),(1292,43,'Cagbalogo',14.2062,122.8958,488757.461,1570533.706),(1293,43,'Calangcawan Norte',14.1791,122.9185,491205.608,1567535.556),(1294,43,'Calangcawan Sur',14.1606,122.9142,490740.859,1565489.683),(1295,43,'Guinacutan',14.1649,122.8839,487471.255,1565966.659),(1296,43,'Mangcawayan',14.4798,122.9454,494116.141,1600791.565),(1297,43,'Mangcayo',14.1889,122.9004,489252.958,1568620.162),(1298,43,'Manlucugan',14.2508,122.8596,484854.669,1575468.398),(1299,43,'Matango',14.2224,122.8695,485920.851,1572326.808),(1300,43,'Napilihan',14.1819,122.8788,486921.87,1567847.084),(1301,43,'Pinagtigasan',14.4497,122.9139,490720.356,1597463.564),(1302,43,'Sabang',14.2195,122.9116,490462.742,1572003.945),(1303,43,'Santo Domingo',14.1403,122.8837,487448.322,1563245.992),(1304,43,'Singi',14.2031,122.8695,485919.658,1570192.281),(1305,43,'Sula',14.2187,122.9202,491390.546,1571915.132),(1535,47,'Ambolong',12.5107,123.398,543242.965,1383059.419),(1536,47,'Amoroy',12.5027,123.3747,540712.624,1382171.046),(1537,47,'Amotag',12.3739,123.266,528916.092,1367913.706),(1538,47,'Bagauma',12.5163,123.3995,543405.008,1383678.938),(1539,47,'Balawing',12.4581,123.3659,539763.264,1377237.664),(1540,47,'Balete',12.3948,123.439,547718.894,1370249.708),(1541,47,'Bangon',12.4928,123.3964,543072.086,1381079.695),(1542,47,'Cabangcalan',12.3964,123.3699,540207.439,1370415.26),(1543,47,'Cabas-an',12.3813,123.308,533480.885,1368736.917),(1544,47,'Calanay',12.4603,123.2785,530264.954,1377469.424),(1545,47,'Capsay',12.4526,123.4114,544708.877,1376636.686),(1546,47,'Concepcion',12.3971,123.4158,545196.638,1370500.013),(1547,47,'Dayhagan',12.412,123.301,532716.121,1372130.936),(1548,47,'Don Pablo Dela Rosa',12.5432,123.3427,537229.85,1386644.988),(1549,47,'Gumahang',12.5858,123.2694,529261.889,1391346.616),(1550,47,'Jaboyoan',12.5118,123.413,544872.56,1383183.561),(1551,47,'Lanang',12.4316,123.3769,540962.831,1374308.865),(1552,47,'Luy-a',12.4098,123.4052,544042.288,1371902.655),(1553,47,'Macabug',12.345,123.3143,534170.442,1364723.571),(1554,47,'Malubi',12.3932,123.4035,543860.284,1370066.684),(1555,47,'Managanaga',12.3511,123.3819,541518.989,1365407.675),(1556,47,'Manamoc',12.348,123.4359,547390.357,1365073.827),(1557,47,'Mariposa',12.5089,123.3129,533996.934,1382847.942),(1558,47,'Mataba',12.5396,123.2468,526811.878,1386235.248),(1559,47,'Matalangtalang',12.5017,123.3364,536551.273,1382054.872),(1560,47,'Matongog',12.5709,123.244,526504.485,1389696.227),(1561,47,'Nabongsoran',12.3716,123.3876,542135.401,1367675.521),(1562,47,'Pangle',12.3692,123.4356,547353.926,1367418.151),(1563,47,'Panique',12.4593,123.3926,542664.663,1377374.508),(1564,47,'Pinanaan',12.4812,123.4187,545497.228,1379800.642),(1565,47,'Poblacion',12.5114,123.3936,542764.78,1383136.112),(1566,47,'Puro',12.4732,123.3818,541488.777,1378909.915),(1567,47,'San Agustin',12.45,123.3284,535689.11,1376336.612),(1568,47,'San Isidro',12.4279,123.3666,539843.94,1373898.142),(1569,47,'Sawang',12.5489,123.2868,531156.314,1387268.07),(1570,47,'Syndicate',12.4763,123.4064,544161.482,1379256.698),(1571,47,'Talabaan',12.5053,123.3846,541787.894,1382460.109),(1572,47,'Talib',12.5724,123.3085,533510.655,1389869.455),(1573,47,'Tigbao',12.5549,123.339,536826.226,1387938.304),(1574,47,'Tinago',12.5142,123.4235,546012.982,1383450.769),(1575,47,'Tinigban',12.4996,123.2548,527685.252,1381812.746),(1576,48,'Baao',12.4663,123.4666,550705.187,1378161.613),(1577,48,'Banase',12.4412,123.4686,550927.426,1375386.311),(1578,48,'Batuila',12.4605,123.4842,552618.981,1377523.644),(1579,48,'Cagara',12.4371,123.4896,553210.589,1374937.023),(1580,48,'Cagpandan',12.5153,123.4376,547544.763,1383574.907),(1581,48,'Cancahorao',12.3581,123.4818,552378.626,1366199.276),(1582,48,'Canjunday',12.3981,123.5194,556457.792,1370630.329),(1583,48,'Docol',12.4729,123.4538,549312.942,1378889.062),(1584,48,'Eastern Capsay',12.4297,123.4406,547886.437,1374109.387),(1585,48,'Gabi',12.4281,123.465,550538.702,1373936.963),(1586,48,'Gangao',12.4115,123.5071,555117.955,1372109.6),(1587,48,'Lagta',12.4399,123.5022,554579.426,1375249.215),(1588,48,'Lahong Interior',12.4823,123.4413,547952.854,1379926.268),(1589,48,'Lahong Proper',12.504,123.462,550198.03,1382329.802),(1590,48,'Lipata',12.4646,123.5071,555106.761,1377981.691),(1591,48,'Madangcalan',12.4542,123.5366,558314.945,1376837.897),(1592,48,'Magdalena',12.4505,123.5421,558913.508,1376429.941),(1593,48,'Manoboc',12.5111,123.4517,549077.534,1383113.025),(1594,48,'Obongon Diot',12.4439,123.5352,558165.09,1375698.554),(1595,48,'Poblacion',12.4737,123.4971,554018.147,1378985.964),(1596,48,'Polot',12.4502,123.5187,556370.479,1376391.69),(1597,48,'Potoson',12.4815,123.4871,552929.873,1379846.515),(1598,48,'Sog-ong',12.4449,123.5032,554687.063,1375802.348),(1599,48,'Tinapian',12.4866,123.4761,551733.539,1380408.329),(1600,49,'Baybay',11.9861,123.2491,527118.266,1325028.844),(1601,49,'Bongcanaway',11.9219,123.1774,519317.173,1317923.693),(1602,49,'Calumpang',11.9067,123.1677,518261.948,1316242.253),(1603,49,'Cantil',11.8368,123.1227,513365.001,1308510.34),(1604,49,'Casamongan',12.086,123.3317,536097.259,1336085.254),(1605,49,'Danao',11.935,123.1501,516343.671,1319370.507),(1606,49,'Dao',12.003,123.1857,520214.942,1326892.183),(1607,49,'Guinbanwahan',11.9492,123.1578,517181.194,1320941.18),(1608,49,'Ilaya',12.0219,123.2062,522444.975,1328983.709),(1609,49,'Jangan',12.0178,123.2772,530173.867,1328537.124),(1610,49,'Jintotolo',11.8573,123.1258,513701.645,1310777.32),(1611,49,'Mabuhay',11.9476,123.1877,520436.823,1320766.287),(1612,49,'Mapili',12.0267,123.2408,526210.757,1329517.549),(1613,49,'Mapitogo',12.0629,123.2761,530049.115,1333524.141),(1614,49,'Pajo',12.0949,123.2111,522972.132,1337056.395),(1615,49,'Palane',12.0529,123.2282,524836.85,1332413.553),(1616,49,'Panguiranan',12.0676,123.3178,534586.937,1334048.783),(1617,49,'Panubigan',12.0697,123.218,523725.22,1334270.382),(1618,49,'Poblacion',12.0372,123.1943,521148.454,1330674.623),(1619,49,'Pulanduta',11.9143,123.1568,517074.498,1317081.95),(1620,49,'Quinayangan Diotay',11.9638,123.2337,525443.824,1322561.473),(1621,49,'Quinayangan Tonga',11.9574,123.2265,524660.508,1321853.117),(1622,49,'Salvacion',12.0765,123.3219,535031.998,1335033.468),(1623,49,'Sampad',11.9837,123.2204,523994.038,1324760.797),(1624,49,'San Andres',11.962,123.2016,521949.103,1322359.679),(1625,49,'San Antonio',11.9715,123.2363,525726.169,1323413.169),(1626,49,'Sapatos',11.757,123.0242,502636.726,1299683.517),(1627,49,'Talisay',12.1168,123.2175,523666.662,1339478.634),(1628,49,'Tonga',12.0817,123.246,526771.32,1335599.917),(1629,49,'Ubo',11.9705,123.1716,518682.274,1323297.39),(1630,49,'Victory',11.9924,123.2398,526105.211,1325724.594),(1631,49,'Villa Alvarez',12.0947,123.3043,533114.356,1337043.837),(1632,50,'Burgos',12.3918,123.7457,581059.195,1369991.925),(1633,50,'Cambañez',12.4349,123.7768,584426.125,1374768.022),(1634,50,'Canares',12.4083,123.7539,581945.443,1371819.164),(1635,50,'Costa Rica',12.4288,123.7246,578754.344,1374077.418),(1636,50,'Danao',12.4095,123.7334,579716.71,1371945.656),(1637,50,'Gibraltar',12.3556,123.7905,585941.162,1366002.555),(1638,50,'Mabuhay',12.4296,123.7544,581993.123,1374174.888),(1639,50,'Matabao',12.3163,123.8065,587693.817,1361661.527),(1640,50,'Nasandig',12.4292,123.7647,583112.782,1374133.846),(1641,50,'Panisihan',12.4073,123.7788,584652.431,1371716.353),(1642,50,'Poblacion',12.42,123.7806,584843.981,1373121.427),(1643,50,'Rizal',12.4296,123.7406,580493.172,1374170.676),(1644,50,'Royroy',12.3814,123.7799,584780.372,1368852.407),(1645,50,'Sawang',12.3684,123.7735,584088.77,1367412.711),(1646,51,'Abaca',12.0567,123.9573,604193.431,1333005.252),(1647,51,'Aguada',11.9823,124.0313,612279.276,1324806.21),(1648,51,'Badiang',11.9309,124.0067,609621.473,1319111.818),(1649,51,'Bagumbayan',12.0041,123.9746,606097.171,1327194.693),(1650,51,'Cadulawan',12.0302,123.921,600252.016,1330061.047),(1651,51,'Cagbatang',11.995,123.9161,599731.559,1326166.456),(1652,51,'Chimenea',11.9651,123.9296,601212.496,1322864.698),(1653,51,'Concepcion',12.017,124.0058,609488.778,1328633.563),(1654,51,'Curvada',11.9765,123.9692,605519.99,1324140.265),(1655,51,'Divisoria',11.9272,123.9799,606704.351,1318692.165),(1656,51,'Domorog',11.9909,123.982,606908.025,1325737.727),(1657,51,'Estampar',12.0038,123.9336,601633.559,1327146.054),(1658,51,'Gahit',12.0397,123.9829,606986.74,1331135.02),(1659,51,'Libtong',12.05,123.9411,602432.602,1332258.182),(1660,51,'Liong',12.0294,123.8766,595418.947,1329956.771),(1661,51,'Maanahao',12.0396,123.9049,598495.952,1331094.781),(1662,51,'Madamba',11.9888,124.0176,610784.939,1325519.533),(1663,51,'Malobago',12.0509,123.9789,606546.892,1332372.11),(1664,51,'Matayum',11.9632,124.046,613887.852,1322699.874),(1665,51,'Matubinao',12.0126,123.8881,596676.825,1328102.87),(1666,51,'Mintac',11.9439,124.0174,610781.447,1320553.79),(1667,51,'Nadawisan',12.0058,123.9516,603592.475,1327373.944),(1668,51,'Osmeña',12.0054,123.8994,597909.614,1327310.611),(1669,51,'Pawican',12.0736,123.9703,605601.87,1334879.248),(1670,51,'Pitogo',11.9754,123.9438,602754.792,1324009.032),(1671,51,'Poblacion',12.0031,123.9919,607981.058,1327090.822),(1672,51,'Quezon',11.9467,123.9661,605193.972,1320843.434),(1673,51,'San Isidro',12.042,123.9612,604623.641,1331381.023),(1674,51,'San Jose',11.951,123.9437,602753.117,1321310.561),(1675,51,'San Pedro',12.0262,123.9895,607710.578,1329644.588),(1676,51,'San Rafael',12.0253,123.9725,605860.255,1329538.452),(1677,51,'Santa Teresita',12.0563,123.9753,606152.897,1332967.917),(1678,51,'Santo Niño',11.95,124.0009,608982.205,1321221.858),(1679,51,'Tagboan',11.9644,123.9917,607974.666,1322810.789),(1680,51,'Tuybo',12.0289,123.9421,602549.459,1329925.062),(1681,51,'Villa Pogado',11.9983,123.8931,597226.284,1326523.188),(1682,52,'Begia',11.9285,123.7379,580350.276,1318754.274),(1683,52,'Cabayugan',12.0332,123.6812,574147.331,1330316.727),(1684,52,'Cabungahan',12.0238,123.8331,590685.482,1329322.746),(1685,52,'Calapayan',11.9962,123.8189,589148.749,1326265.861),(1686,52,'Calumpang',12.0377,123.769,583703.299,1330839.587),(1687,52,'Chico Island',11.9118,123.6087,566285.141,1316873.361),(1688,52,'Dalipe',12.0096,123.7382,580358.98,1327722.905),(1689,52,'Divisoria',11.9268,123.7727,584140.395,1318576.602),(1690,52,'Gilotongan',11.9547,123.5542,560340.629,1321604.908),(1691,52,'Guiom',11.9788,123.7325,579747.508,1324315.189),(1692,52,'Iraya',12.0143,123.7771,584592.322,1328254.319),(1693,52,'Itombato',11.9736,123.7725,584104.166,1323752.009),(1694,52,'Lague-lague',12.0834,123.7379,580304.383,1335884.126),(1695,52,'Libertad',12.0469,123.8455,592027.488,1331881.481),(1696,52,'Looc',11.8805,123.6743,573437.421,1313428.583),(1697,52,'Mactan',12.0989,123.7696,583749.603,1337607.74),(1698,52,'Madbad',11.9743,123.7942,586466.618,1323836.122),(1699,52,'Mahayahay',11.9244,123.7536,582061.178,1318305.47),(1700,52,'Maihao',11.959,123.7662,583422.707,1322135.529),(1701,52,'Malbug',12.0549,123.6471,570429.806,1332707.448),(1702,52,'Naro',11.8971,123.6737,573367.625,1315264.123),(1703,52,'Palobandera',12.0661,123.7772,584586.998,1333982.793),(1704,52,'Pananawan',12.0299,123.7036,576586.573,1329957.936),(1705,52,'Peña Island',12.0204,123.6357,569197.821,1328889.378),(1706,52,'Pin-as',11.9884,123.7485,581486.643,1325381.494),(1707,52,'Poblacion',11.9326,123.7679,583615.91,1319216.552),(1708,52,'Pulot',12.0779,123.7573,582417.446,1335281.662),(1709,52,'Punta Batsan',11.8717,123.671,573080.351,1312454.574),(1710,52,'R. M. Magbalon',12.0459,123.754,582068.018,1331741.876),(1711,52,'Recodo',11.9496,123.7288,579353.183,1321085.012),(1712,52,'San Jose',12.0737,123.796,586630.785,1334829.138),(1713,52,'San Vicente',11.9556,123.7817,585111.482,1321764.257),(1714,52,'Taberna',12.0587,123.7135,577655.959,1333145.599),(1715,52,'Talisay',11.8743,123.6668,572622.21,1312740.994),(1716,52,'Tubog',11.9416,123.7877,585769.207,1320217.889),(1717,52,'Tuburan',12.0456,123.8035,587456.184,1331723.984),(1718,52,'Villahermosa',11.9681,123.8059,587742.505,1323154.168),(1719,53,'Albasan',12.9218,123.1186,512865.169,1428490.882),(1720,53,'Boca Engaño',12.7754,123.3126,533929.147,1412318.735),(1721,53,'Buyo',12.8437,123.2793,530306.623,1419867.618),(1722,53,'Calpi',12.9462,123.1232,513362.857,1431189.414),(1723,53,'Canomay',12.8842,123.2761,529954.586,1424345.987),(1724,53,'Cawayan',12.9645,123.1515,516431.216,1433214.79),(1725,53,'Imelda',12.8994,123.1842,519982.945,1426017.961),(1726,53,'Mababang Baybay',12.9564,123.1053,511420.871,1432316.523),(1727,53,'Mabiton',12.831,123.266,528864.89,1418461.65),(1728,53,'Manapao',12.8411,123.2241,524317.133,1419574.246),(1729,53,'Nabasagan',12.8484,123.2087,522645.416,1420380.118),(1730,53,'Nonoc',12.9259,123.163,517681.193,1428946.931),(1731,53,'Osmeña',12.7296,123.3324,536084.718,1407256.578),(1732,53,'Pasig',12.89,123.164,517792.205,1424976.968),(1733,53,'Peñafrancia',12.6992,123.3706,540236.473,1403900.372),(1734,53,'Poblacion District I',12.9012,123.2465,526741.405,1426222.687),(1735,53,'Poblacion District II',12.9035,123.2444,526513.344,1426476.818),(1736,53,'Quezon',12.7285,123.3617,539265.676,1407139.179),(1737,53,'San Isidro',12.7991,123.2926,531755.396,1414937.082),(1738,53,'San Ramon',12.902,123.1498,516250.883,1426303.055),(1739,53,'San Vicente',12.7082,123.3605,539138.514,1404894.105),(1740,53,'Taguilid',12.826,123.2846,530883.886,1417910.873),(1741,54,'Balantay',12.1487,123.8397,591361.57,1343137.576),(1742,54,'Balocawe',12.201,123.8478,592224.88,1348924.193),(1743,54,'Banahao',12.192,123.8501,592478.214,1347929.66),(1744,54,'Buenaflor',12.1029,123.8437,591812.478,1338073.898),(1745,54,'Buracan',12.1257,123.8399,591391.172,1340594.073),(1746,54,'Cabanoyoan',12.0887,123.8502,592524.747,1336505.713),(1747,54,'Cabrera',12.0983,123.8579,593359.441,1337569.995),(1748,54,'Cadulan',12.2136,123.8826,596006.203,1350329.732),(1749,54,'Calabad',12.1716,123.8533,592833.44,1345674.702),(1750,54,'Canomay',12.1948,123.864,593989.445,1348244.092),(1751,54,'Divisoria',12.1898,123.8899,596808.971,1347700.244),(1752,54,'Gaid',12.1729,123.8832,596086.129,1345828.865),(1753,54,'Gregorio Alino',12.1847,123.8666,594275.871,1347128.024),(1754,54,'Magcaraguit',12.2321,123.8613,593682.588,1352368.21),(1755,54,'Mambog',12.1146,123.8322,590557.01,1339363.959),(1756,54,'Poblacion',12.192,123.8576,593294.158,1347932.228),(1757,54,'Rizal',12.1498,123.8662,594244.651,1343268.261),(1758,54,'San Vicente',12.1698,123.8413,591528.449,1345471.568),(1759,54,'Suba',12.2003,123.87,594640.243,1348854.431),(1760,54,'T. R. Yangco',12.2149,123.8681,594428.37,1350468.402),(1761,55,'Agoho',11.8088,123.9947,608362.873,1305603.769),(1762,55,'Almero',11.8113,124.0172,610813.258,1305889.059),(1763,55,'Baras',11.8642,123.974,606086.241,1311722.608),(1764,55,'Domorog',11.8338,123.9652,605139.308,1308357.296),(1765,55,'Guadalupe',11.8375,123.9819,606957.165,1308772.826),(1766,55,'Iligan',11.7453,124.0382,613128.217,1298598.318),(1767,55,'Labangtaytay',11.733,124.0506,614484.607,1297243.037),(1768,55,'Labrador',11.7683,124.0423,613565.593,1301143.61),(1769,55,'Libertad',11.7234,124.0589,615393.147,1296184.727),(1770,55,'Magsaysay',11.8071,124.0314,612362.064,1305430.23),(1771,55,'Masbaranon',11.7792,124.0172,610826.143,1302339.04),(1772,55,'Poblacion',11.737,124.0413,613469.44,1297681.645),(1773,55,'Potingbato',11.7538,124.0278,611991.427,1299534.195),(1774,55,'Rizal',11.7244,124.0676,616340.908,1296298.897),(1775,55,'San Roque',11.8367,123.9942,608297.427,1308689.093),(1776,55,'Santiago',11.7672,124.0306,612291.118,1301017.253),(1777,55,'Sorosimbajan',11.819,123.9814,606909.879,1306726.689),(1778,55,'Tawad',11.8546,124.0083,609826.322,1310674.207),(1779,55,'Tunga',11.7431,124.0548,614938.147,1298361.74),(1780,55,'Villa',11.7888,124.0134,610408.25,1303399.228),(1781,56,'Alas',12.2546,123.3188,534671.532,1354727.536),(1782,56,'Ayat',12.1586,123.2839,530887.027,1344107.53),(1783,56,'Bat-ongan',12.3164,123.3641,539589.012,1361567.758),(1784,56,'Bugtong',12.3402,123.2674,529072.005,1364187.244),(1785,56,'Buri',12.1479,123.2525,527471.926,1342920.953),(1786,56,'Cabitan',12.296,123.3403,537004.038,1359308.487),(1787,56,'Cagmasoso',12.1643,123.2291,524924.473,1344732.215),(1788,56,'Canomoy',12.1556,123.2668,529026.937,1343773.906),(1789,56,'Centro',12.1861,123.3204,534854.51,1347152.918),(1790,56,'Dayao',12.264,123.3,532625.739,1355764.659),(1791,56,'Guincaiptan',12.2235,123.2276,524755.79,1351278.437),(1792,56,'Laguinbanwa',12.2267,123.2901,531553.511,1351638.799),(1793,56,'Lantangan',12.1841,123.2721,529600.408,1346926.022),(1794,56,'Looc',12.1183,123.2445,526604.459,1339646.99),(1795,56,'Mabatobato',12.3264,123.3784,541142.329,1362675.736),(1796,56,'Maolingon',12.2396,123.2506,527255.837,1353060.999),(1797,56,'Nailaban',12.2512,123.272,529582.075,1354345.99),(1798,56,'Nanipsan',12.202,123.3225,535080.869,1348911.429),(1799,56,'Pinamangcaan',12.1196,123.2778,530227.767,1339794.212),(1800,56,'Poblacion',12.2268,123.2844,530933.518,1351649.199),(1801,56,'Polo Dacu',12.1768,123.2449,526642.166,1346115.967),(1802,56,'San Juan',12.1757,123.3493,537999.892,1346006.75),(1803,56,'San Pablo',12.1278,123.3026,532925.302,1340703.841),(1804,56,'Santa Fe',12.2988,123.3044,533099.905,1359613.439),(1805,56,'Tagpu',12.2188,123.3218,535002.517,1350769.105),(1806,56,'Tumalaytay',12.2768,123.2321,525240.186,1357172.812),(1807,57,'Anas',12.4285,123.5623,561113.979,1374001.602),(1808,57,'Asid',12.2686,123.5404,558769.364,1356314.078),(1809,57,'B. Titong',12.4383,123.5635,561242.111,1375085.624),(1810,57,'Bagumbayan',12.3714,123.6173,567106.505,1367700.322),(1811,57,'Bantigue',12.3778,123.6085,566148.216,1368405.885),(1812,57,'Bapor',12.3691,123.6174,567117.964,1367445.997),(1813,57,'Batuhan',12.3712,123.583,563377.689,1367669.836),(1814,57,'Bayombon',12.3472,123.5439,559132.416,1365006.829),(1815,57,'Biyong',12.3442,123.5276,557360.899,1364671.53),(1816,57,'Bolo',12.414,123.5683,561769.534,1372399.484),(1817,57,'Cagay',12.2668,123.5894,564098.793,1356126.189),(1818,57,'Cawayan Exterior',12.3924,123.5935,564513.969,1370016.782),(1819,57,'Cawayan Interior',12.386,123.5643,561341.303,1369302.148),(1820,57,'Centro',12.3656,123.6251,567955.97,1367060.887),(1821,57,'Espinosa',12.3733,123.6219,567606.099,1367911.596),(1822,57,'F. Magallanes',12.3641,123.6237,567804.155,1366894.652),(1823,57,'Ibingay',12.3724,123.6261,568062.926,1367813.133),(1824,57,'Igang',12.3117,123.5294,557563.691,1361077.904),(1825,57,'Kalipay',12.3701,123.6238,567813.479,1367558.199),(1826,57,'Kinamaligan',12.3576,123.6162,566990.435,1366173.948),(1827,57,'Malinta',12.3128,123.5589,560771.176,1361206.045),(1828,57,'Mapiña',12.3818,123.5248,557048.319,1368828.936),(1829,57,'Mayngaran',12.3525,123.5953,564719.461,1365604.817),(1830,57,'Nursery',12.3633,123.6282,568293.588,1366807.327),(1831,57,'Pating',12.3666,123.6202,567423.005,1367170.234),(1832,57,'Pawa',12.3521,123.572,562186.361,1365555.062),(1833,57,'Sinalongan',12.2911,123.5948,564680.143,1358814.712),(1834,57,'Tugbo',12.3507,123.6378,569340.592,1365416.397),(1835,57,'Ubongan Dacu',12.4384,123.5469,559437.922,1375092.917),(1836,57,'Usab',12.3307,123.5799,563050.375,1363190.37),(1837,58,'Bacolod',12.2381,123.507,555143.306,1352934.21),(1838,58,'Bangad',12.163,123.4012,543648.178,1344610.16),(1839,58,'Bara',12.07,123.6405,569707.539,1334375.594),(1840,58,'Bonbon',12.2853,123.5003,554404.891,1358152.416),(1841,58,'Calasuche',12.2182,123.5303,557681.884,1350738.448),(1842,58,'Calumpang',12.1116,123.3689,540141.778,1338921.309),(1843,58,'Capaculan',12.2204,123.465,550578.49,1350968.674),(1844,58,'Cayabon',12.2511,123.5269,557304.958,1354375.945),(1845,58,'Guinluthangan',12.0415,123.5464,559472.321,1331201.793),(1846,58,'Jamorawon',12.2244,123.5548,560345.471,1351429.413),(1847,58,'Magsalangi',12.1819,123.5864,563792.871,1346736.8),(1848,58,'Matagbac',12.1133,123.665,572362.413,1339170.303),(1849,58,'Matanglad',12.2916,123.4713,551250.012,1358843.404),(1850,58,'Matiporon',12.2757,123.4465,548556.079,1357080.53),(1851,58,'Moises R. Espinosa',12.3201,123.4111,544698.826,1361984.291),(1852,58,'Narangasan',12.2214,123.446,548511.621,1351075.779),(1853,58,'Pamangpangon',12.0955,123.3455,537597.733,1337137.629),(1854,58,'Paraiso',12.2119,123.431,546881.708,1350022.6),(1855,58,'Poblacion East',12.2183,123.511,555582.508,1350745.469),(1856,58,'Poblacion West',12.2182,123.5047,554897.248,1350733.125),(1857,58,'San Antonio',12.137,123.6868,574728.098,1341797.072),(1858,58,'San Carlos',12.1693,123.6555,571313.721,1345360.608),(1859,58,'Sawmill',12.0935,123.648,570517.666,1336976.265),(1860,58,'Tagbon',12.2327,123.5621,561137.606,1352348.905),(1861,58,'Tawad',12.2354,123.486,552859.749,1352631.439),(1862,58,'Tigbao',12.1501,123.5882,563996.303,1343220.63),(1863,58,'Tinaclipan',12.2193,123.4874,553015.231,1350851.318),(1864,59,'Baang',12.2717,123.6658,572406.477,1356687.404),(1865,59,'Bagacay',12.2949,123.7019,576325.88,1359263.003),(1866,59,'Balatucan',12.2533,123.7031,576468.378,1354662.889),(1867,59,'Barag',12.2161,123.6613,571932.128,1350537.577),(1868,59,'Dacu',12.3178,123.702,576330.141,1361795.499),(1869,59,'Fabrica',12.3317,123.6798,573912.283,1363326.458),(1870,59,'Guintorelan',12.249,123.6077,566093.466,1354162.18),(1871,59,'Holjogon',12.313,123.6316,568676.329,1361245.676),(1872,59,'Lalaguna',12.3024,123.6885,574866.552,1360088.646),(1873,59,'Lomocloc',12.254,123.626,568082.564,1354719.657),(1874,59,'Luyong Catungan',12.3258,123.6867,574664.199,1362675.9),(1875,59,'Mabuhay',12.246,123.6446,570107.653,1353839.726),(1876,59,'Mandali',12.3226,123.6599,571751.012,1362314.711),(1877,59,'Mapuyo',12.2248,123.6488,570570.096,1351496.388),(1878,59,'Marintoc',12.2858,123.7217,578481.769,1358262.345),(1879,59,'Nasunduan',12.3185,123.6881,574818.495,1361868.999),(1880,59,'Pinamalatican',12.2993,123.6603,571800.837,1359738.135),(1881,59,'Pinamarbuhan',12.3431,123.6487,570527.704,1364578.78),(1882,59,'Poblacion Dist. I',12.3352,123.6586,571606.237,1363707.764),(1883,59,'Poblacion Dist. II',12.3388,123.6559,571311.694,1364105.159),(1884,59,'Polot',12.2877,123.6462,570270.627,1358451.604),(1885,59,'Sambulawan',12.2802,123.6258,568054.087,1357616.965),(1886,59,'Santa Maria',12.2301,123.6246,567936.406,1352076.299),(1887,59,'Sawmill',12.2568,123.6674,572584.564,1355040.087),(1888,59,'Tabuc',12.3258,123.6641,572206.821,1362669.716),(1889,59,'Tugawe',12.3049,123.6344,568982.91,1360350.641),(1890,59,'Tugbo',12.3463,123.6398,569559.199,1364930.332),(1891,59,'Umabay Exterior',12.309,123.6793,573864.269,1360815.98),(1892,59,'Umabay Interior',12.2941,123.6745,573346.448,1359166.912),(1893,60,'Cantorna',12.5999,123.6375,569241.735,1392974.876),(1894,60,'Famosa',12.6378,123.6857,574466.214,1397179.435),(1895,60,'Guinhadap',12.6844,123.6156,566841.018,1402313.976),(1896,60,'Macarthur',12.6302,123.593,564400.653,1396314.382),(1897,60,'Maglambong',12.6264,123.6281,568213.706,1395903.026),(1898,60,'Morocborocan',12.6579,123.6479,570355.511,1399391.835),(1899,60,'Poblacion',12.6429,123.6651,572227.553,1397737.674),(1900,60,'Real',12.6179,123.6672,572462.655,1394973.505),(1901,60,'Rizal',12.6064,123.6791,573758.425,1393705.037),(1902,60,'Santo Niño',12.6056,123.5972,564862.988,1393594.941),(1903,60,'Togoron',12.59,123.6154,566843.834,1391874.323),(1904,61,'Antipolo',12.0315,123.8646,594111.91,1330184.872),(1905,61,'Banco',12.0664,123.9379,602078.072,1334070.7),(1906,61,'Biga-a',12.0905,123.9094,598967.126,1336725.499),(1907,61,'Bontod',12.1805,123.9065,598618.396,1346677.715),(1908,61,'Buenasuerte',12.1279,123.875,595209.959,1340849.381),(1909,61,'Intusan',12.0662,123.8747,595199.145,1334025.833),(1910,61,'Jose A. Abenir Sr.',12.1306,123.9175,599833.792,1341163.18),(1911,61,'Maanahao',12.0542,123.901,598066.115,1332708.014),(1912,61,'Mabini',12.0457,123.8845,596273.13,1331762.15),(1913,61,'Malatawan',12.0491,123.8584,593430.909,1332129.136),(1914,61,'Malibas',12.1414,123.902,598143.144,1342351.942),(1915,61,'Maravilla',12.1546,123.9052,598486.497,1343812.91),(1916,61,'Matugnao',12.1008,123.9285,601042.016,1337871.582),(1917,61,'Miabas',12.071,123.8572,593292.717,1334550.647),(1918,61,'Nabangig',12.1018,123.9552,603947.443,1337992.189),(1919,61,'Nipa',12.1237,123.943,602611.33,1340409.558),(1920,61,'Parina',12.1172,123.9047,598445.824,1339676.596),(1921,61,'Piña',12.0839,123.9285,601048.361,1336002.575),(1922,61,'Poblacion',12.1442,123.9233,600459.848,1342669.366),(1923,61,'Salvacion',12.0636,123.8964,597562.009,1333745.928),(1924,61,'San Antonio',12.1151,123.8627,593875.961,1339429.558),(1925,61,'San Carlos',12.0701,123.9143,599507.954,1334471.208),(1926,61,'San Isidro',12.0917,123.8807,595843.139,1336847.987),(1927,61,'Santa Cruz',12.1606,123.8963,597515.911,1344473.254),(1928,62,'Alegria',11.784,124.055,614942.961,1302885.096),(1929,62,'Buenasuerte',11.9085,124.0304,612211.666,1316644.001),(1930,62,'Bugang',11.8519,124.0498,614348.177,1310392.285),(1931,62,'Bugtong',11.8752,124.0882,618521.242,1312985.188),(1932,62,'Bunducan',11.733,124.0718,616795.032,1297251.74),(1933,62,'Cabangrayan',11.9097,123.9986,608747.807,1316764.057),(1934,62,'Calongongan',11.8559,124.0608,615544.781,1310839.196),(1935,62,'Casabangan',11.8393,124.0655,616063.781,1309005.279),(1936,62,'Guindawahan',11.8724,124.0093,609928.125,1312643.153),(1937,62,'Labigan',11.8747,124.0277,611931.422,1312904.848),(1938,62,'Lampuyang',11.9201,124.0002,608917.918,1317914.85),(1939,62,'Mabuhay',11.7911,124.0362,612891.579,1303662.671),(1940,62,'Palho',11.9258,124.0182,610875.922,1318552.366),(1941,62,'Poblacion',11.8819,124.0481,614150.505,1313709.41),(1942,62,'Salvacion',11.807,124.0561,615053.234,1305429.203),(1943,62,'Tanque',11.7635,124.0646,615997.595,1300621.873),(1944,62,'Tubigan',11.7507,124.0708,616678.603,1299208.837),(1945,62,'Tubog',11.8579,124.0388,613147.422,1311051.36),(1946,63,'Aguada',11.9161,123.9331,601611.858,1317447.02),(1947,63,'Ban-ao',11.8969,123.9184,600017.967,1315318.343),(1948,63,'Burabod',11.9246,123.9175,599909.82,1318381.373),(1949,63,'Cabangcalan',11.946,123.8534,592921.961,1320725.682),(1950,63,'Calumpang',11.9561,123.8836,596206.938,1321852.957),(1951,63,'Camayabsan',11.9231,123.7966,586744.227,1318174.796),(1952,63,'Daanlungsod',11.8691,123.9219,600409.35,1312245.194),(1953,63,'Dangpanan',11.9343,123.8209,589386.825,1319421.098),(1954,63,'Daraga',11.9107,123.8726,595024.978,1316828.399),(1955,63,'Guin-awayan',11.8143,123.9164,599830.159,1306182.894),(1956,63,'Guinhan-ayan',11.944,123.9175,599902.715,1320526.83),(1957,63,'Katipunan',11.8689,123.914,599548.921,1312220.24),(1958,63,'Libas',12.0077,123.8492,592443.627,1327547.619),(1959,63,'Locso-an',11.9419,123.893,597235.56,1320285.867),(1960,63,'Luna',11.9017,123.8603,593688.514,1315828.919),(1961,63,'Mahayag',11.9103,123.9083,598913.099,1316796.635),(1962,63,'Mahayahay',11.9644,123.9073,598784.593,1322779.214),(1963,63,'Manlut-od',11.893,123.9635,604931.475,1314903.667),(1964,63,'Matagantang',11.9345,123.9492,603358.281,1319487.849),(1965,63,'Naboctot',11.8582,123.7678,583627.749,1310988.897),(1966,63,'Nagarao',11.8186,123.8452,592071.845,1306634.005),(1967,63,'Nainday',11.9184,123.8345,590873.102,1317667.169),(1968,63,'Naocondiot',11.8512,123.943,602714.356,1310273.313),(1969,63,'Pasiagon',11.8748,123.892,597150.506,1312864.949),(1970,63,'Pili',11.9153,123.8875,596646.06,1317342.255),(1971,63,'Poblacion',11.8704,123.9177,599951.395,1312387.451),(1972,63,'Puro',11.9576,123.8207,589357.406,1321997.735),(1973,63,'Quibrada',11.8101,123.9111,599254.259,1305716.533),(1974,63,'San Marcos',11.8851,123.9051,598573.672,1314008.63),(1975,63,'Santa Cruz',11.9879,123.8668,594366.577,1325363.913),(1976,63,'Taboc',11.8678,123.942,602599.221,1312108.751),(1977,63,'Tan-awan',11.969,123.8439,591879.727,1323266.051),(1978,63,'Taverna',11.9465,123.8735,595110.517,1320787.804),(1979,63,'Tubod',11.8925,123.9336,601675.085,1314837.26),(1980,63,'Villa Inocencio',11.8688,123.9072,598808.274,1312206.76),(1981,64,'Altavista',12.4606,123.6949,575517.011,1377585.542),(1982,64,'Bayanihan Poblacion',12.4853,123.7603,582616.774,1380336.609),(1983,64,'Baybaydagat Poblacion',12.4855,123.7632,582931.851,1380359.633),(1984,64,'Benitinan',12.5052,123.756,582143.214,1382536.029),(1985,64,'Buenasuerte',12.4973,123.7035,576440.875,1381646.637),(1986,64,'Buenavista',12.4702,123.6985,575905.458,1378648.225),(1987,64,'Buenos Aires',12.4964,123.7169,577897.229,1381551.012),(1988,64,'Buyo',12.4536,123.772,583898.405,1376834.551),(1989,64,'Cañelas',12.4489,123.7115,577324.535,1376296.423),(1990,64,'Corbada',12.4958,123.7564,582189.649,1381496.599),(1991,64,'Daplian',12.5165,123.7496,581444.243,1383783.727),(1992,64,'Del Rosario',12.4467,123.7388,580292.274,1376061.22),(1993,64,'Ipil',12.4964,123.6898,574952.454,1381543.19),(1994,64,'Lahong',12.5005,123.6709,572897.577,1381991.328),(1995,64,'Lumbia',12.4467,123.7597,582563.791,1376067.623),(1996,64,'Magkaipit',12.4867,123.7287,579182.413,1380481.788),(1997,64,'Magsasaka Poblacion',12.4798,123.7539,581923.022,1379726.373),(1998,64,'Minio',12.5017,123.7464,581101.163,1382146),(1999,64,'Pinamoghaan',12.4447,123.7703,583716.497,1375849.757),(2000,64,'Progreso',12.466,123.7313,579471.262,1378193.352),(2001,64,'Resurreccion',12.4651,123.7692,583590.41,1378105.463),(2002,64,'Salvacion',12.5086,123.686,574536.037,1382891.307),(2003,64,'Silangan Poblacion',12.4809,123.7644,583063.721,1379851.291),(2004,64,'Sowa',12.4833,123.7023,576314.584,1380098.037),(2005,64,'Talisay',12.4817,123.6897,574945.819,1379917.499),(2006,64,'Valparaiso',12.4759,123.721,578348.919,1379285.128),(2007,65,'Almiñe',12.5468,123.6873,574666.3,1387116.194),(2008,65,'Bagacay',12.5157,123.6699,572784.659,1383672.006),(2009,65,'Bagahanglad',12.5847,123.6997,576002.324,1391311.102),(2010,65,'Bartolabac',12.552,123.6463,570210.59,1387679.995),(2011,65,'Burgos',12.5504,123.7103,577163.996,1387520.94),(2012,65,'Calipat-an',12.5395,123.7434,580763.418,1386325.412),(2013,65,'Danao',12.5718,123.6376,569260.133,1389867.352),(2014,65,'District I',12.5639,123.73,579300.089,1389019.76),(2015,65,'District II',12.5666,123.7259,578853.86,1389317.124),(2016,65,'District III',12.5663,123.7331,579636.121,1389286.114),(2017,65,'District IV',12.5656,123.7364,579994.832,1389209.7),(2018,65,'Dorong-an Daplian',12.5108,123.7328,579620.574,1383148.243),(2019,65,'Interior',12.5305,123.7327,579603.668,1385326.845),(2020,65,'Jagna-an',12.5856,123.6638,572102.405,1391400.522),(2021,65,'Luna',12.5372,123.712,577352.626,1386061.647),(2022,65,'Mabini',12.5738,123.6861,574528.153,1390101.779),(2023,65,'Piña',12.5405,123.6619,571908.551,1386412.424),(2024,65,'Roosevelt',12.5648,123.692,575171.69,1389108.147),(2025,65,'San Isidro',12.5268,123.6929,575280.501,1384905.991),(2026,65,'Santa Rosa',12.5725,123.7039,576462.164,1389963.118),(2027,65,'Washington',12.53,123.7446,580896.756,1385275.167),(2028,66,'Boca Chica',13.1221,122.9541,495024.986,1450638.817),(2029,66,'Bolod',13.1271,122.9791,497734.734,1451191.395),(2030,66,'Busing',13.1433,122.9657,496282.607,1452983.07),(2031,66,'Cueva',13.1089,123.0591,506406.08,1449179.363),(2032,66,'Dangcalan',13.0827,123.0725,507859.389,1446282.358),(2033,66,'Halabangbaybay',13.0518,123.0947,510267.267,1442866.017),(2034,66,'Iniwaran',13.1531,122.8739,486333.965,1454069.997),(2035,66,'Ki-Buaya',12.9757,123.1045,511333.23,1434450.8),(2036,66,'Ki-Romero',13.0073,123.0237,502569.985,1437943.122),(2037,66,'Laurente',13.1362,123.0209,502265.182,1452197.74),(2038,66,'Mabini',13.0093,122.9965,499620.469,1438164.177),(2039,66,'Mabuhay',13.0421,122.9665,496367.828,1441791.65),(2040,66,'Malaking Ilog',12.9995,123.0529,505736.56,1437081.025),(2041,66,'Mapanique',13.0401,123.0628,506809.024,1441571.079),(2042,66,'Nazareno',13.1462,122.9928,499219.682,1453303.532),(2043,66,'Pinamasingan',13.0924,123.0236,502558.266,1447354.046),(2044,66,'Quintina',13.003,123.1244,513489.953,1437470.776),(2045,66,'San Jose',12.9879,123.0822,508914.314,1435799.066),(2046,66,'San Pedro',13.0564,122.9994,499934.95,1443372.799),(2047,66,'San Rafael',13.0953,122.9576,495403.847,1447675.014),(2048,66,'Santa Cruz',13.0673,122.9667,496389.878,1444578.432),(2049,66,'Terraplin',13.1302,122.977,497507.155,1451534.236),(2050,67,'Arado',12.1482,123.7765,584485,1343061.869),(2051,67,'Armenia',12.2537,123.7428,580786.2,1354718.689),(2052,67,'Aurora',12.1572,123.7533,581957.895,1344050.069),(2053,67,'Badling',12.1938,123.823,589529.345,1348119.63),(2054,67,'Bonifacio',12.1757,123.7218,578525.141,1346086.645),(2055,67,'Buenasuerte',12.1825,123.7726,584049.867,1346853.85),(2056,67,'Buenavista',12.1766,123.7938,586358.221,1346208.028),(2057,67,'Campana',12.0881,123.8106,588215.122,1336426.277),(2058,67,'Candelaria',12.1011,123.7359,580081.449,1337840.932),(2059,67,'Centro',12.2251,123.7218,578510.596,1351549.676),(2060,67,'Crossing',12.2128,123.8053,587597.505,1350215.054),(2061,67,'Dapdap',12.2141,123.7692,583670.053,1350347.405),(2062,67,'Del Carmen',12.1086,123.7832,585226.595,1338684.651),(2063,67,'Del Rosario',12.153,123.7931,586289.676,1343597.903),(2064,67,'Libertad',12.1815,123.7532,581939.568,1346737.331),(2065,67,'Mabini',12.1383,123.8246,589722.028,1341982.421),(2066,67,'Mabuhay',12.1409,123.7906,586021.544,1342258.986),(2067,67,'Madao',12.1987,123.6835,574351.864,1348619.362),(2068,67,'Magsaysay',12.175,123.7997,587000.646,1346032.968),(2069,67,'Marcella',12.2455,123.7538,581985.144,1353815.177),(2070,67,'Miaga',12.2189,123.8234,589564.426,1350895.575),(2071,67,'Mongahay',12.1434,123.8078,587892.29,1342540.95),(2072,67,'Morocborocan',12.2297,123.806,587668.087,1352084.249),(2073,67,'Paguihaman',12.1189,123.8082,587943.846,1339831.645),(2074,67,'Panicijan',12.2013,123.7786,584696.667,1348934.787),(2075,67,'Poblacion',12.2251,123.784,585276.497,1351568.504),(2076,67,'Quezon',12.1882,123.8052,587594.707,1347494.517),(2077,67,'San Isidro',12.1358,123.7516,581779.461,1341682.976),(2078,67,'San Jose',12.2281,123.7,576138.429,1351875.208),(2079,67,'San Mateo',12.1718,123.8148,588644.561,1345683.963),(2080,67,'San Ramon',12.1394,123.7281,579221.3,1342074.148),(2081,67,'San Vicente',12.136,123.706,576817.559,1341691.824),(2082,67,'Santo Cristo',12.2158,123.7912,586062.7,1350542.302),(2083,67,'Sawang',12.2327,123.7581,582456.818,1352400.949),(2084,67,'Simawa',12.2029,123.7206,578386.598,1349094.28),(2558,78,'Alegria',12.8659,124.115,620983.634,1422568.335),(2559,78,'Bagacay',12.8468,124.0974,619082.727,1420447.598),(2560,78,'Bangate',12.8113,124.1475,624537.363,1416544.81),(2561,78,'Bugtong',12.8632,124.1068,620095.072,1422265.862),(2562,78,'Cagang',12.8578,124.1433,624058.684,1421685.913),(2563,78,'Fabrica',12.8206,124.1077,620212.988,1417554.567),(2564,78,'Jibong',12.844,124.1463,624391.044,1420161.011),(2565,78,'Lago',12.8642,124.1339,623035.457,1422389.271),(2566,78,'Layog',12.8302,124.1544,625276.959,1418638.582),(2567,78,'Luneta',12.8577,124.1492,624699.016,1421677.703),(2568,78,'Macabari',12.8197,124.1529,625119.345,1417476.501),(2569,78,'Mapapac',12.8379,124.1459,624350.632,1419486.127),(2570,78,'Olandia',12.8354,124.123,621866.486,1419198.681),(2571,78,'Paghaluban',12.8327,124.144,624146.975,1418910.066),(2572,78,'Poblacion Central',12.8662,124.144,624130.52,1422615.333),(2573,78,'Poblacion Norte',12.8695,124.1421,623922.714,1422979.413),(2574,78,'Poblacion Sur',12.8625,124.1471,624468.753,1422207.591),(2575,78,'Putiao',12.8263,124.1273,622337.569,1418194.219),(2576,78,'San Antonio',12.8342,124.1043,619837.525,1419057.193),(2577,78,'San Isidro',12.8693,124.131,622718.271,1422951.97),(2578,78,'San Ramon',12.8077,124.0962,618970.868,1416122.46),(2579,78,'San Vicente',12.8448,124.1203,621568.933,1420237.085),(2580,78,'Santa Cruz',12.8075,124.1237,621955.89,1416113.16),(2581,78,'Santa Lourdes',12.8192,124.0832,617554.488,1417388.441),(2582,78,'Tagdon',12.8467,124.1464,624400.569,1420459.692),(2583,79,'A. Bonifacio',12.6857,123.8986,597570.212,1402546.919),(2584,79,'Abad Santos',12.6786,123.9242,600352.864,1401771.394),(2585,79,'Aguinaldo',12.5914,123.9641,604721.21,1392142.971),(2586,79,'Antipolo',12.7177,123.8728,594756.787,1406076.46),(2587,79,'Beguin',12.6961,123.9047,598228.611,1403699.408),(2588,79,'Benigno S. Aquino',12.6753,123.8743,594935.376,1401387.762),(2589,79,'Bical',12.7294,123.9442,602504.348,1407397.515),(2590,79,'Bonga',12.6249,123.9469,602839.411,1395841.167),(2591,79,'Butag',12.6291,123.9337,601404.035,1396300.529),(2592,79,'Cadandanan',12.7583,123.9065,598400.083,1410579.191),(2593,79,'Calomagon',12.7069,123.8824,595803.148,1404885.541),(2594,79,'Calpi',12.7446,123.9364,601651.436,1409075.533),(2595,79,'Cocok-Cabitan',12.7551,123.8906,596675.234,1410219.304),(2596,79,'Daganas',12.7058,123.9568,603881.941,1404792.406),(2597,79,'Danao',12.737,123.8493,592198.332,1408202.501),(2598,79,'Dolos',12.7595,123.9483,602937.333,1410728.13),(2599,79,'E. Quirino',12.7313,123.9003,597737.378,1407590.742),(2600,79,'Fabrica',12.6652,123.9005,597784.35,1400280.413),(2601,79,'G. del Pilar',12.6673,123.919,599792.583,1400519.661),(2602,79,'Gate',12.6655,123.9783,606233.163,1400343.968),(2603,79,'Inararan',12.6923,123.8608,593463.183,1403263.005),(2604,79,'J. Gerona',12.6124,123.9424,602355.609,1394456.947),(2605,79,'J. P. Laurel',12.6889,123.8686,594311.395,1402889.79),(2606,79,'Jamorawon',12.7112,123.9173,599590.893,1405374.199),(2607,79,'Lajong',12.6798,123.9002,597746.205,1401895.001),(2608,79,'Libertad',12.6637,123.8763,595156.864,1400105.585),(2609,79,'M. Roxas',12.7356,123.9182,599679.088,1408073.106),(2610,79,'Magsaysay',12.6695,123.9337,601388.088,1400768.634),(2611,79,'Managanaga',12.6724,123.8782,595359.964,1401068.457),(2612,79,'Marinab',12.6025,123.9465,602804.902,1393363.643),(2613,79,'Montecalvario',12.7097,123.9319,601176.729,1405213.932),(2614,79,'N. Roque',12.6612,123.9347,601499.968,1399851.069),(2615,79,'Namo',12.7211,123.8525,592551.507,1406445.177),(2616,79,'Nasuje',12.7032,123.8629,593687.219,1404469.245),(2617,79,'Obrero',12.6678,123.8787,595415.972,1400559.901),(2618,79,'Osmeña',12.5827,123.9568,603931.713,1391177.88),(2619,79,'Otavi',12.6421,123.9091,598727.166,1397728.88),(2620,79,'Padre Diaz',12.6788,123.9603,604272.974,1401807.665),(2621,79,'Palale',12.746,123.9089,598665.385,1409219.762),(2622,79,'Quezon',12.576,123.9615,604444.999,1390438.743),(2623,79,'R. Gerona',12.7486,123.8584,593182.037,1409488.654),(2624,79,'Recto',12.7326,123.8849,596064.929,1407728.776),(2625,79,'Sagrada',12.5643,123.9733,605731.696,1389149.469),(2626,79,'San Francisco',12.7185,123.9067,598437.155,1406177.521),(2627,79,'San Isidro',12.6481,123.9562,603840.166,1398410.689),(2628,79,'San Juan Bag-o',12.6767,123.9158,599441.429,1401558.046),(2629,79,'San Juan Daan',12.6943,123.9256,600498.732,1403508.301),(2630,79,'San Rafael',12.6487,123.889,596541.689,1398451.312),(2631,79,'San Ramon',12.6552,123.9423,602327.719,1399190.45),(2632,79,'San Vicente',12.6627,123.8798,595537.327,1399996.267),(2633,79,'Santa Remedios',12.6725,123.8861,596217.816,1401082.414),(2634,79,'Santa Teresita',12.667,123.987,607177.35,1400513.419),(2635,79,'Sigad',12.6532,123.9128,599124.73,1398957.894),(2636,79,'Somagongsong',12.6936,123.8878,596394.485,1403416.609),(2637,79,'Taromata',12.6506,123.9767,606065.561,1398695.408),(2638,79,'Zone I Poblacion',12.6626,123.8756,595081.254,1399983.676),(2639,79,'Zone II Poblacion',12.6609,123.8746,594973.286,1399795.301),(2640,79,'Zone III Poblacion',12.6664,123.8758,595101.565,1400404.01),(2641,79,'Zone IV Poblacion',12.6664,123.8744,594949.531,1400403.501),(2642,79,'Zone V Poblacion',12.6713,123.8748,594991.154,1400945.563),(2643,79,'Zone VI Poblacion',12.6701,123.8733,594828.707,1400812.304),(2644,79,'Zone VII Poblacion',12.6745,123.8719,594675.051,1401298.414),(2645,79,'Zone VIII Poblacion',12.6663,123.8789,595438.25,1400394.081),(2646,80,'Bagacay',12.802,124.1446,624227.145,1415514.79),(2647,80,'Central',12.7507,124.136,623318.53,1409836.683),(2648,80,'Cogon',12.7123,124.1291,622587.859,1405586.24),(2649,80,'Dancalan',12.7689,124.1393,623667.962,1411851.247),(2650,80,'Dapdap',12.7524,124.1385,623589.125,1410025.899),(2651,80,'Lalud',12.7025,124.13,622690.288,1404502.752),(2652,80,'Looban',12.7526,124.1354,623252.47,1410046.545),(2653,80,'Mabuhay',12.746,124.1374,623472.802,1409317.51),(2654,80,'Madlawon',12.7564,124.1346,623163.778,1410466.46),(2655,80,'Poctol',12.753,124.1339,623089.426,1410090.075),(2656,80,'Porog',12.7831,124.1486,624670.611,1413426.288),(2657,80,'Sabang',12.7484,124.1361,623330.5,1409582.342),(2658,80,'Salvacion',12.7209,124.0964,619033.171,1406522.243),(2659,80,'San Antonio',12.6958,124.1336,623084.43,1403763.407),(2660,80,'San Bernardo',12.7341,124.1183,621404.787,1407992.325),(2661,80,'San Francisco',12.7547,124.1194,621514.398,1410271.266),(2662,80,'San Isidro',12.785,124.1299,622639.73,1413627.503),(2663,80,'San Jose',12.7659,124.117,621248.506,1411508.901),(2664,80,'San Rafael',12.7425,124.1098,620477.937,1408917.433),(2665,80,'San Roque',12.7385,124.0859,617884.959,1408464.057),(2666,80,'San Vicente',12.7975,124.149,624706.961,1415019.187),(2667,80,'Santa Barbara',12.797,124.126,622210.597,1414952.905),(2668,80,'Sapngan',12.7513,124.134,623101.104,1409902.096),(2669,80,'Tinampo',12.7215,124.124,622029.686,1406601.393),(2670,81,'Adovis',12.8696,124.0088,609457.608,1422929.992),(2671,81,'Boton',12.9297,124.0476,613640.798,1429594.011),(2672,81,'Burgos',12.8751,124.0476,613665.455,1423555.133),(2673,81,'Casay',12.8336,124.0567,614671.749,1418969.188),(2674,81,'Cawit',12.8747,124.0051,609053.905,1423492.483),(2675,81,'Central',12.8737,124.0076,609325.616,1423382.944),(2676,81,'Cogon',12.8503,124.0397,612819.295,1420808.734),(2677,81,'Colambis',12.8757,124.0204,610713.683,1423609.624),(2678,81,'Escuala',12.8261,124.0501,613958.829,1418136.751),(2679,81,'Inlagadian',12.8096,124.0575,614769.446,1416315.101),(2680,81,'Lungib',12.8655,124.0013,608645.526,1422473.35),(2681,81,'Mabini',12.8102,124.0301,611795.192,1416369.447),(2682,81,'Ponong',12.8876,124.0286,611598.203,1424929.326),(2683,81,'Rizal',12.8797,124.0231,611004.901,1424053.193),(2684,81,'San Antonio',12.8574,124.0194,610613.192,1421585.195),(2685,81,'San Isidro',12.8476,124.0108,609684.188,1420497.63),(2686,81,'San Juan',12.8293,124.0383,612676.718,1418485.493),(2687,81,'San Pascual',12.8809,124.06,615008.358,1424202.142),(2688,81,'Santa Cruz',12.8963,124.0426,613113.381,1425897.687),(2689,81,'Somal-ot',12.874,124.0102,609607.614,1423417.231),(2690,81,'Tigbao',12.8325,124.0258,611318.674,1418833.989),(2691,81,'Timbayog',12.8719,124.0122,609825.551,1423185.823),(2692,81,'Tiris',12.8693,124.036,612409.305,1422908.544),(2693,81,'Trece Martirez',12.9112,124.0404,612867.992,1427544.688),(2694,81,'Tulay',12.8728,124.006,609152.387,1423282.724),(2695,82,'Amomonting',12.9189,123.8155,588465.264,1428307.968),(2696,82,'Bagalayag',12.9367,123.8771,595141.333,1430298.671),(2697,82,'Bagong Sirang',12.9159,123.8554,592795,1427990.29),(2698,82,'Bonga',12.9055,123.8394,591062.949,1426834.35),(2699,82,'Buenavista',12.8612,123.7583,582278.721,1421907.634),(2700,82,'Burabod',12.9348,123.7812,584738.83,1430054.834),(2701,82,'Caburacan',12.9083,123.7601,582458.629,1427117.191),(2702,82,'Canjela',13.0146,123.8244,589396.621,1438895.124),(2703,82,'Cogon',12.9007,123.8214,589111.782,1426297.169),(2704,82,'Cumadcad',12.9787,123.7923,585927.891,1434913.675),(2705,82,'Dangcalan',12.9677,123.8777,595194.648,1433727.419),(2706,82,'Dinapa',12.9123,123.7801,584627.081,1427566.086),(2707,82,'La Union',12.9887,123.8723,594600.985,1436047.962),(2708,82,'Libtong',12.9268,123.8569,592953.701,1429196.338),(2709,82,'Loreto',12.9397,123.7689,583402.915,1430592.708),(2710,82,'Macalaya',12.8836,123.7696,583497.471,1424388.583),(2711,82,'Maracabac',12.96,123.8116,588027.749,1432852.11),(2712,82,'Mayon',12.9619,123.7965,586389.221,1433057.087),(2713,82,'Maypangi',12.9945,123.8252,589490.582,1436672.413),(2714,82,'Milagrosa',12.9779,123.8544,592663.6,1434846.937),(2715,82,'Miluya',12.9356,123.8078,587624.094,1430152.268),(2716,82,'Monte Carmelo',12.95,123.8217,589126.838,1431749.651),(2717,82,'Oras',12.9294,123.8287,589893.53,1429473.82),(2718,82,'Pandan',12.8933,123.8074,587595.437,1425473.943),(2719,82,'Poblacion',12.952,123.8791,595352.477,1431991.558),(2720,82,'Quirapi',12.8689,123.7828,584934.631,1422767.17),(2721,82,'Saclayan',12.8821,123.8224,589226.864,1424240.437),(2722,82,'Salvacion',13.0181,123.8108,587920.535,1439277.472),(2723,82,'San Isidro',12.9744,123.8409,591200.643,1434454.983),(2724,82,'San Rafael',12.9707,123.8235,589314.71,1434039.622),(2725,82,'San Roque',13.0061,123.8011,586872.814,1437946.985),(2726,82,'San Vicente',12.9773,123.8053,587338.362,1434763.256),(2727,82,'Sogoy',12.9826,123.7722,583746.544,1435338.311),(2728,82,'Tomalaytay',12.877,123.8091,587785.559,1423671.821),(2729,83,'Alin',12.9894,123.6126,566435.142,1436043.34),(2730,83,'Awai',12.9056,123.5964,564699.844,1426771.63),(2731,83,'Banban',12.9916,123.6254,567822.727,1436290.014),(2732,83,'Bandi',12.9876,123.5884,563811.079,1435838.093),(2733,83,'Banuang Gurang',13.0125,123.5981,564856.597,1438594.274),(2734,83,'Baras',13.0035,123.6056,565672.275,1437600.87),(2735,83,'Bayawas',12.925,123.6277,568090.259,1428925.207),(2736,83,'Bororan Barangay 1',12.9088,123.5945,564492.898,1427125.042),(2737,83,'Cabugao',13.0175,123.5636,561114.158,1439138.689),(2738,83,'Central Barangay 2',12.9049,123.5946,564504.746,1426693.763),(2739,83,'Cristo',12.929,123.6111,566288.442,1429363.218),(2740,83,'Dancalan',12.9152,123.5856,563525.755,1427830.601),(2741,83,'De Vera',13.0116,123.6221,567459.436,1438500.981),(2742,83,'Gimagaan',12.9504,123.5623,560989.551,1431717.727),(2743,83,'Girawan',12.9372,123.5865,563617.819,1430263.823),(2744,83,'Gogon',12.9648,123.6283,568144.534,1433326.92),(2745,83,'Gura',12.9141,123.6305,568396.968,1427720.505),(2746,83,'Juan Adre',12.9702,123.5924,564249.355,1433914.807),(2747,83,'Lourdes',12.996,123.5444,559037.227,1436756.452),(2748,83,'Mabini',12.9747,123.6081,565950.986,1434416.473),(2749,83,'Malapoc',12.9744,123.5292,557393.784,1434364.227),(2750,83,'Malinao',12.9775,123.5425,558835.53,1434710.087),(2751,83,'Market Site Barangay 3',12.9063,123.5945,564493.538,1426848.565),(2752,83,'New Maguisa',13.003,123.5621,560955.042,1437534.758),(2753,83,'Ogod',12.9007,123.6163,566860.051,1426234.836),(2754,83,'Old Maguisa',13.0017,123.5725,562083.192,1437393.502),(2755,83,'Orange',13.0055,123.5888,563849.884,1437817.78),(2756,83,'Pangpang',12.9294,123.5728,562133.661,1429397.85),(2757,83,'Parina',12.9763,123.5686,561666.52,1434583.541),(2758,83,'Pawala',13.0221,123.5804,562934.766,1439651.507),(2759,83,'Pinamanaan',13.0115,123.5344,557949.155,1438468.311),(2760,83,'Poso Poblacion',12.9069,123.5963,564688.661,1426915.373),(2761,83,'Punta Waling-Waling Poblacion',12.9036,123.5936,564396.591,1426549.743),(2762,83,'Rawis',12.9032,123.5984,564917.438,1426506.717),(2763,83,'San Antonio',12.9452,123.6236,567640.049,1431158.071),(2764,83,'San Isidro',12.9575,123.6105,566215.833,1432514.919),(2765,83,'San Jose',12.9958,123.5883,563798.14,1436744.917),(2766,83,'San Rafael',12.967,123.5088,555182.903,1433541.362),(2767,83,'San Ramon',12.9356,123.5928,564301.613,1430088.452),(2768,83,'San Vicente',12.9765,123.6269,567989.509,1434620.473),(2769,83,'Santa Cruz',12.9867,123.4891,553042.076,1435715.803),(2770,83,'Sevilla',12.9395,123.6304,568379.206,1430529.506),(2771,83,'Sibago',12.9467,123.5282,557291.661,1431300.655),(2772,83,'Suguian',12.9557,123.5804,562951.486,1432308.247),(2773,83,'Tagbac',13.0136,123.585,563435.738,1438712.622),(2774,83,'Tinanogan',12.9506,123.5347,557995.806,1431733.422),(2775,83,'Tongdol',12.9707,123.6407,569487.833,1433982.756),(2776,83,'Tres Marias',12.908,123.5994,565024.687,1427037.806),(2777,83,'Tuba',12.9857,123.5219,556599.494,1435612.266),(2778,83,'Tupas',12.9125,123.5939,564426.858,1427534.077),(2779,83,'Vinisitahan',12.9498,123.5493,559579.616,1431648.307),(2780,84,'Ariman',12.9106,124.1149,620951.321,1427512.299),(2781,84,'Bagacay',12.9823,124.1406,623704.373,1435454.987),(2782,84,'Balud del Norte',12.9239,124.1248,622019.003,1428988.035),(2783,84,'Balud del Sur',12.9218,124.125,622041.721,1428755.86),(2784,84,'Benguet',12.8801,124.1158,621063.633,1424139.291),(2785,84,'Bentuco',12.8521,124.0719,616312.897,1421022.141),(2786,84,'Beriran',12.9282,124.1127,620704.17,1429457.9),(2787,84,'Buenavista',12.8985,124.1189,621391.153,1426175.874),(2788,84,'Bulacao',12.8857,124.0947,618771.402,1424748.824),(2789,84,'Cabigaan',12.8939,124.0922,618496.273,1425654.618),(2790,84,'Cabiguhan',12.9514,124.0701,616071.751,1432004.196),(2791,84,'Carriedo',12.9351,124.1047,619832.95,1430217.312),(2792,84,'Casili',12.9292,124.0833,617514.082,1429554.827),(2793,84,'Cogon',12.9359,124.1254,622078.264,1430315.58),(2794,84,'Cota na Daco',12.9265,124.1215,621659.716,1429274.037),(2795,84,'Dita',12.9638,124.0845,617628.039,1433382.267),(2796,84,'Jupi',12.9535,124.1007,619390.241,1432250.56),(2797,84,'Lapinig',12.9709,124.0962,618893.823,1434172.976),(2798,84,'Luna-Candol',12.9202,124.1208,621586.82,1428576.895),(2799,84,'Manapao',12.9156,124.0846,617661.487,1428051.216),(2800,84,'Manook',12.9235,124.1203,621530.977,1428941.653),(2801,84,'Naagtan',12.869,124.0834,617553.04,1422896.554),(2802,84,'Nato',12.9703,124.1062,619978.831,1434111.293),(2803,84,'Nazareno',12.8795,124.1305,622659.052,1424079.899),(2804,84,'Ogao',12.9675,124.1266,622193.045,1433811.277),(2805,84,'Paco',12.9785,124.1282,622361.225,1435028.703),(2806,84,'Panganiban',12.9147,124.1229,621817.325,1427969.566),(2807,84,'Paradijon',12.9176,124.1211,621620.627,1428289.465),(2808,84,'Patag',12.9842,124.1062,619972.165,1435648.698),(2809,84,'Payawin',12.9402,124.0888,618105.599,1430773.999),(2810,84,'Pinontingan',12.9183,124.1254,622086.819,1428368.933),(2811,84,'Rizal',12.8904,124.1323,622849.061,1425286.351),(2812,84,'San Ignacio',12.9377,124.1181,621285.432,1430511.197),(2813,84,'Sangat',12.8996,124.0781,616963.706,1426278.589),(2814,84,'Santa Ana',12.9172,124.1116,620590.11,1428240.733),(2815,84,'Tabi',12.893,124.1075,620156.834,1425562.187),(2816,84,'Tagaytay',12.9616,124.1123,620644.706,1433151.907),(2817,84,'Tigkiw',12.8344,124.0752,616679.189,1419065.968),(2818,84,'Tiris',12.9516,124.1282,622374.371,1432053.419),(2819,84,'Togawe',12.8626,124.0934,618641.205,1422193.284),(2820,84,'Union',12.9042,124.0892,618165.922,1426792.451),(2821,84,'Villareal',12.8859,124.1156,621039.145,1424780.701),(2822,85,'Bacolod',12.7013,124.0351,612385.936,1404327.214),(2823,85,'Bagsangan',12.7281,124.0367,612547.868,1407291.992),(2824,85,'Batang',12.6995,124.0003,608607.937,1404113.376),(2825,85,'Bolos',12.7501,123.9858,607012.241,1409703.676),(2826,85,'Buenavista',12.6957,124.0181,610542.403,1403700.583),(2827,85,'Bulawan',12.7303,123.9675,605033.69,1407506.353),(2828,85,'Carriedo',12.6943,124.0338,612247.846,1403552.453),(2829,85,'Casini',12.6767,123.9946,607998.616,1401589.355),(2830,85,'Cawayan',12.6939,124.0766,616895.651,1403527.024),(2831,85,'Cogon',12.7594,124.0276,611546.145,1410749.858),(2832,85,'Gabao',12.725,123.9781,606186.753,1406924.487),(2833,85,'Gulang-Gulang',12.7393,124.0002,608580.158,1408515.183),(2834,85,'Gumapia',12.7066,123.9938,607899.137,1404895.928),(2835,85,'Liang',12.6593,124.0352,612415.22,1399682.058),(2836,85,'Macawayan',12.7097,124.0146,610156.317,1405247.494),(2837,85,'Mapaso',12.7327,124.0705,616215.604,1407815.629),(2838,85,'Monbon',12.7293,124.0175,610462.727,1407416.478),(2839,85,'Patag',12.7159,124.0574,614800.849,1405951.71),(2840,85,'Salvacion',12.6775,124.0196,610713.153,1401688.308),(2841,85,'San Agustin',12.7019,124.0402,612939.459,1404395.779),(2842,85,'San Isidro',12.6943,124.0054,609163.941,1403540.392),(2843,85,'San Juan',12.7027,124.0369,612580.774,1404482.831),(2844,85,'San Julian',12.7043,124.0332,612178.308,1404658.195),(2845,85,'San Pedro',12.7022,124.0281,611625.445,1404423.744),(2846,85,'Santo Domingo',12.7062,124.0496,613958.249,1404875.455),(2847,85,'Tabon-Tabon',12.7034,124.0467,613644.6,1404564.507),(2848,85,'Tinampo',12.7358,124.01,609645.635,1408132.2),(2849,85,'Tongdol',12.7171,123.9833,606754.64,1406052.886),(2850,86,'Anog',12.7892,124.0287,611652.476,1414046.227),(2851,86,'Aroroy',12.8175,124.0051,609078.582,1417166.142),(2852,86,'Bacolod',12.7931,123.9972,608231.566,1414464.183),(2853,86,'Binanuahan',12.845,123.9858,606972.236,1420199.558),(2854,86,'Biriran',12.857,123.9581,603961.228,1421515.408),(2855,86,'Buraburan',12.7761,123.9907,607533.216,1412581.282),(2856,86,'Calateo',12.804,123.9847,606870.161,1415664.519),(2857,86,'Calmayon',12.7826,123.9592,604111.165,1413287.303),(2858,86,'Carohayon',12.8443,123.9441,602447.142,1420105.194),(2859,86,'Catanagan',12.8557,123.9705,605307.381,1421376.669),(2860,86,'Catanusan',12.7956,123.9904,607492.399,1414737.846),(2861,86,'Cogon',12.8382,123.9963,608114.634,1419451.86),(2862,86,'Embarcadero',12.8545,123.989,607315.475,1421251.588),(2863,86,'Guruyan',12.7503,123.9742,605752.824,1409721.041),(2864,86,'Lajong',12.8214,123.9623,604431.695,1417579.782),(2865,86,'Maalo',12.801,123.9563,603788.853,1415321.151),(2866,86,'North Poblacion',12.849,123.9886,607274.402,1420643.121),(2867,86,'Puting Sapa',12.7737,124.0103,609661.886,1412324.059),(2868,86,'Rangas',12.8107,124.0051,609081.509,1416414.061),(2869,86,'Sablayan',12.8781,123.8922,596801.933,1423823.314),(2870,86,'Sipaya',12.815,123.9862,607028.328,1416881.734),(2871,86,'South Poblacion',12.8456,123.9898,607406.072,1420267.582),(2872,86,'Taboc',12.8409,123.9831,606680.954,1419744.98),(2873,86,'Tinago',12.8437,123.9312,601047.451,1420033.741),(2874,86,'Tughan',12.8514,123.9967,608152.398,1420911.949),(2875,87,'Aguada Norte',12.8223,123.8452,591722.43,1417634.829),(2876,87,'Aguada Sur',12.818,123.8493,592168.962,1417160.728),(2877,87,'Anibong',12.8505,123.9029,597973.659,1420774.876),(2878,87,'Bacalon',12.8323,123.8697,594377.664,1418749.624),(2879,87,'Bacolod',12.8286,123.833,590396.132,1418327.277),(2880,87,'Banacud',12.8279,123.8377,590906.455,1418251.511),(2881,87,'Behia',12.8203,123.8199,588977.364,1417404.784),(2882,87,'Biga',12.8338,123.8074,587616.083,1418893.538),(2883,87,'Binisitahan del Norte',12.8311,123.8371,590840.191,1418605.205),(2884,87,'Binisitahan del Sur',12.8299,123.8348,590591.014,1418471.682),(2885,87,'Biton',12.7623,123.8607,593426.701,1411004.639),(2886,87,'Bulala',12.8084,123.921,599954.463,1416125.664),(2887,87,'Busay',12.7813,123.9179,599628.634,1413127.278),(2888,87,'Caditaan',12.8037,123.8512,592380.38,1415579.888),(2889,87,'Cagbolo',12.8575,123.8602,593337.374,1421533.192),(2890,87,'Cagtalaba',12.8655,123.8805,595537.186,1422425.415),(2891,87,'Cawit Extension',12.8233,123.8387,591016.634,1417743.124),(2892,87,'Cawit Proper',12.8256,123.8359,590711.932,1417996.508),(2893,87,'Ginangra',12.7729,123.8528,592565.263,1412174.117),(2894,87,'Hubo',12.8401,123.8548,592757.784,1419606.868),(2895,87,'Incarizan',12.8404,123.8829,595807.129,1419650.325),(2896,87,'Lapinig',12.7636,123.8957,597225.637,1411161.28),(2897,87,'Magsaysay',12.7982,123.9109,598862.219,1414993.687),(2898,87,'Malbog',12.807,123.8948,597111.347,1415960.838),(2899,87,'Pantalan',12.8283,123.8315,590233.451,1418293.573),(2900,87,'Pawik',12.7736,123.8742,594887.978,1412259.275),(2901,87,'Pili',12.8221,123.9177,599590.909,1417639.576),(2902,87,'Poblacion',12.8276,123.8342,590526.721,1418217.102),(2903,87,'Salvacion',12.7861,123.8639,593765.3,1413637.973),(2904,87,'Santa Elena',12.8341,123.8913,596721.123,1418956.7),(2905,87,'Siuton',12.7944,123.876,595075.586,1414560.335),(2906,87,'Tagas',12.8556,123.8951,597125.259,1421335.968),(2907,87,'Tulatula Norte',12.8288,123.9022,597906.095,1418374.648),(2908,87,'Tulatula Sur',12.7717,123.9145,599263.318,1412064.239),(2909,88,'Balocawe',12.588,124.0424,613228.524,1391799.403),(2910,88,'Banogao',12.6225,124.0629,615440.075,1395624.03),(2911,88,'Banuangdaan',12.5896,124.0951,618952.834,1391999.642),(2912,88,'Bariis',12.6133,124.0692,616128.529,1394609.288),(2913,88,'Bolo',12.6204,124.0459,613594.467,1395384.344),(2914,88,'Bon-ot Big',12.5403,124.0504,614118.637,1386527.266),(2915,88,'Bon-ot Small',12.5482,124.0539,614495.436,1387402.518),(2916,88,'Cabagahan',12.5768,124.0583,614960.791,1390567.586),(2917,88,'Calayuan',12.5311,124.0916,618599.423,1385527.91),(2918,88,'Calintaan',12.5373,124.0936,618813.901,1386214.534),(2919,88,'Caloocan',12.5837,124.0847,617825.726,1391342.412),(2920,88,'Calpi',12.5985,124.0015,608781,1392943.412),(2921,88,'Camachiles',12.5883,124.0885,618236.44,1391852.882),(2922,88,'Camcaman',12.586,124.0861,617976.767,1391597.422),(2923,88,'Coron-coron',12.5608,123.9859,607102.032,1388767.47),(2924,88,'Culasi',12.552,124.0635,615536.791,1387826.985),(2925,88,'Gadgaron',12.5915,124.0798,617289.861,1392202.906),(2926,88,'Genablan Occidental',12.5577,124.0309,611992.364,1388443.328),(2927,88,'Genablan Oriental',12.5543,124.039,612873.882,1388070.748),(2928,88,'Hidhid',12.6305,124.0356,612471.266,1396496.959),(2929,88,'Laboy',12.6622,123.9964,608200.204,1399986.42),(2930,88,'Lajong',12.6171,124.0762,616887.174,1395032.68),(2931,88,'Mambajog',12.5552,124.0226,611091.674,1388163.318),(2932,88,'Manjunlad',12.6,124.0757,616840.615,1393141.185),(2933,88,'Manurabi',12.555,124.0131,610059.614,1388137.212),(2934,88,'Naburacan',12.6104,124.0886,618237.172,1394297.211),(2935,88,'Paghuliran',12.5657,124.0892,618322.833,1389353.617),(2936,88,'Pangi',12.6362,124.0178,610535.462,1397119.797),(2937,88,'Pawa',12.6131,124.0567,614770.821,1394581.667),(2938,88,'Poropandan',12.5499,124.0818,617526.038,1387602.815),(2939,88,'Santa Isabel',12.6014,124.098,619262.421,1393306.052),(2940,88,'Sinalmacan',12.5664,124.0729,616551.613,1389423.767),(2941,88,'Sinang-atan',12.5435,124.0286,611748.605,1386871.849),(2942,88,'Sinibaran',12.5856,124.0682,616032.366,1391545.215),(2943,88,'Sisigon',12.6438,124.0055,609196.299,1397955.187),(2944,88,'Sua',12.5566,124.0021,608863.828,1388309.599),(2945,88,'Sulangan',12.6054,124.063,615458.6,1393732.809),(2946,88,'Tablac',12.5888,124.0909,618496.935,1391909.264),(2947,88,'Tabunan',12.5813,124.0846,617815.957,1391076.925),(2948,88,'Tugas',12.6077,124.0341,612318.287,1393974.648),(2949,89,'Abas',12.9649,123.6771,573437.499,1433351.508),(2950,89,'Abucay',12.98,123.6509,570591.505,1435014.065),(2951,89,'Bantayan',12.8489,123.7337,579613.26,1420539.6),(2952,89,'Banuyo',12.925,123.675,573221.372,1428938.255),(2953,89,'Bayasong',12.987,123.6832,574092.582,1435797.378),(2954,89,'Bayawas',12.9947,123.697,575586.92,1436653),(2955,89,'Binanuahan',12.9237,123.6769,573427.865,1428795.029),(2956,89,'Cabiguan',12.9942,123.6407,569481.304,1436581.676),(2957,89,'Cagdongon',12.9655,123.6553,571072.83,1433411.695),(2958,89,'Calongay',12.9407,123.6726,572956.456,1430673.874),(2959,89,'Calpi',12.9376,123.7264,578793.351,1430346.989),(2960,89,'Catamlangan',13.0152,123.6466,570115.261,1438905.738),(2961,89,'Comapo-capo',13.0026,123.6854,574326.54,1437523.275),(2962,89,'Danlog',13.0341,123.7149,577515.951,1441015.788),(2963,89,'Dao',12.9223,123.6725,572950.954,1428638.942),(2964,89,'Dapdap',12.8714,123.7393,580213.795,1423029.689),(2965,89,'Del Rosario',12.9844,123.7551,581891.329,1435531.829),(2966,89,'Esmerada',12.9869,123.7154,577584.842,1435795.898),(2967,89,'Esperanza',13.0038,123.7298,579141.238,1437669.368),(2968,89,'Ginablan',12.957,123.7015,576086.412,1432484.963),(2969,89,'Guiron',12.9022,123.6459,570070.946,1426408.621),(2970,89,'Inang',12.977,123.7387,580115.014,1434708.22),(2971,89,'Inapugan',12.8749,123.6943,575330.042,1423403.155),(2972,89,'Leona',13.0046,123.6584,571397.899,1437736.735),(2973,89,'Lipason',12.9552,123.6473,570208.015,1432270.381),(2974,89,'Lourdes',13.0276,123.6879,574590.182,1440288.845),(2975,89,'Lubiano',12.9985,123.7216,578253.629,1437080.685),(2976,89,'Lumbang',12.9342,123.6556,571114.246,1429950.237),(2977,89,'Lungib',12.8957,123.7208,578198.916,1425711.406),(2978,89,'Mabanate',12.9531,123.6748,573191.48,1432045.852),(2979,89,'Malbog',12.9485,123.7619,582640.682,1431563.669),(2980,89,'Marifosque',12.9259,123.667,572353.268,1429035.515),(2981,89,'Mercedes',13.0111,123.7225,578347.279,1438474.449),(2982,89,'Migabod',12.9946,123.653,570815.127,1436629.299),(2983,89,'Naspi',13.0187,123.7026,576186.92,1439308.92),(2984,89,'Palanas',12.9218,123.7362,579861.444,1428602.643),(2985,89,'Pangpang',12.9055,123.7445,580767.091,1426802.564),(2986,89,'Pinagsalog',13.0086,123.6659,572210.087,1438181.222),(2987,89,'Pineda',12.9237,123.7098,576996.909,1428804.689),(2988,89,'Poctol',13.0104,123.6951,575376.124,1438388.757),(2989,89,'Pudo',13.0043,123.7094,576928.756,1437718.413),(2990,89,'Putiao',13.019,123.7144,577466.427,1439345.662),(2991,89,'Sacnangan',12.9582,123.7272,578873.653,1432625.469),(2992,89,'Salvacion',12.9919,123.7426,580533.207,1436357.306),(2993,89,'San Antonio (Millabas)',13.0173,123.6732,572999.184,1439145.466),(2994,89,'San Antonio (Sapa)',12.8819,123.6441,569881.295,1424163.119),(2995,89,'San Jose',12.9762,123.6775,573477.567,1434601.323),(2996,89,'San Rafael',12.891,123.6839,574196.877,1425180.668),(2997,89,'Santa Fe',12.924,123.6564,571203.918,1428822.419),(2998,90,'Brillante',13.0418,124.1942,629487.445,1442062.783),(2999,90,'Bulawan',13.0276,124.1613,625926.821,1440475.61),(3000,90,'Calao',13.0149,124.1513,624848.688,1439065.972),(3001,90,'Carayat',12.9981,124.1457,624249.706,1437205.044),(3002,90,'Diamante',13.0378,124.1947,629543.749,1441620.605),(3003,90,'Gogon',13.0385,124.1802,627970.922,1441690.677),(3004,90,'Lupi',13.0662,124.1823,628184.377,1444755.577),(3005,90,'Maningcay de Oro',13.0394,124.1906,629098.29,1441795.489),(3006,90,'Manlabong',13.069,124.1506,624745.649,1445049.454),(3007,90,'Perlas',13.04,124.1944,629510.07,1441863.79),(3008,90,'Quidolog',13.0561,124.1895,628970.341,1443642.087),(3009,90,'Rizal',13.0499,124.1911,629147.062,1442957.13),(3010,90,'San Antonio',13.0576,124.1587,625629.707,1443792.535),(3011,90,'San Fernando',13.0063,124.1483,624527.617,1438113.286),(3012,90,'San Isidro',13.0309,124.1669,626532.463,1440843.396),(3013,90,'San Juan',13.0475,124.1766,627575.905,1442684.334),(3014,90,'San Rafael',13.0383,124.1231,621778.843,1441640.472),(3015,90,'San Ramon',13.067,124.1657,626383.98,1444835.724),(3016,90,'Santa Lourdes',13.0231,124.1564,625397.684,1439975.456),(3017,90,'Santo Domingo',13.0559,124.175,627398.095,1443612.635),(3018,90,'Talisayan',13.0699,124.1414,623747.636,1445144.487),(3019,90,'Tupaz',13.0438,124.1925,629302.05,1442283.133),(3020,90,'Ulag',13.0201,124.1534,625073.835,1439642.158),(3021,91,'Barangay Poblacion I',12.6501,124.1117,620727.808,1398698.634),(3022,91,'Barangay Poblacion II',12.6471,124.1082,620349.079,1398365.215),(3023,91,'Barangay Poblacion III',12.646,124.1062,620132.371,1398242.633),(3024,91,'Barangay Poblacion IV',12.6422,124.103,619786.586,1397820.879),(3025,91,'La Esperanza',12.6448,124.0584,614941.319,1398088.441),(3026,91,'Peñafrancia',12.6272,124.0828,617599.471,1396152.701),(3027,91,'Salvacion',12.6669,124.09,618363.234,1400546.822),(3028,91,'San Antonio',12.6565,124.0721,616423.981,1399388.528),(3029,91,'San Bartolome',12.6863,124.1263,622296.253,1402709.242),(3030,91,'San Eugenio',12.6778,124.1246,622115.693,1401768.32),(3031,91,'San Isidro',12.6617,124.0777,617029.803,1399966.154),(3032,91,'San Rafael',12.6611,124.127,622384.299,1399922.375),(3033,91,'San Roque',12.6517,124.1001,619467.191,1398870.271),(3034,91,'San Sebastian',12.6205,124.0906,618449.78,1395415.186),(3035,92,'Abuyog',12.9465,124.0518,614088.81,1431454.003),(3036,92,'Almendras-Cogon',12.9748,124.0091,609444.331,1434565.357),(3037,92,'Balete',13.0257,124.0288,611558.405,1440203.551),(3038,92,'Balogo (Sorsogon East District)',12.9771,124.0158,610170.051,1434822.625),(3039,92,'Balogo (Bacon District)',13.0661,124.117,621103.798,1444712.393),(3040,92,'Barayong',12.974,123.9596,604075.558,1434456.164),(3041,92,'Basud',12.9867,123.9564,603723.198,1435859.482),(3042,92,'Bato',12.9926,124.0993,619219.74,1436574.54),(3043,92,'Bibincahan',12.9846,124.0093,609461.735,1435649.338),(3044,92,'Bitan-o/Dalipay',12.969,123.9985,608297.086,1433919.347),(3045,92,'Bogña',13.0241,124.0594,614877.604,1440040.216),(3046,92,'Bon-ot',13.0551,124.1082,620154.923,1443491.543),(3047,92,'Bucalbucalan',12.9795,123.9145,599181.571,1435046.495),(3048,92,'Buenavista',12.9773,123.8953,597099.945,1434795.791),(3049,92,'Buenavista (Bacon District)',13.038,124.1074,620076.428,1441599.813),(3050,92,'Buhatan',12.9736,124.0488,613751.061,1434449.999),(3051,92,'Bulabog',12.9789,123.9271,600548.445,1434985.069),(3052,92,'Burabod',12.9728,124.0031,608794.396,1434341.588),(3053,92,'Cabarbuhan',13.0321,124.0085,609354.148,1440902.581),(3054,92,'Cabid-an',12.9757,124.032,611927.842,1434674.834),(3055,92,'Cambulaga',12.9671,123.9912,607506.074,1433706.119),(3056,92,'Capuy',12.9787,123.9395,601893.474,1434967.869),(3057,92,'Caricaran',13.0287,124.0524,614116.365,1440545.838),(3058,92,'Del Rosario',13.046,124.0267,611321.592,1442447.863),(3059,92,'Gatbo',13.019,124.101,619391.497,1439495.302),(3060,92,'Gimaloto',12.9684,123.9488,602906.424,1433832.426),(3061,92,'Guinlajon',12.9861,123.9662,604786.367,1435797.129),(3062,92,'Jamislagan',12.9734,124.0711,616170.026,1434437.925),(3063,92,'Macabog',12.9837,123.9916,607542.327,1435542.265),(3064,92,'Maricrum',13.0202,124,608437.565,1439582.777),(3065,92,'Marinas',12.9397,124.0674,615784.258,1430708.914),(3066,92,'Osiao',13.0903,123.9781,606032.671,1447326.689),(3067,92,'Pamurayan',12.9639,123.9645,604611.264,1433341.107),(3068,92,'Pangpang',12.9964,123.9784,606105.224,1436941.364),(3069,92,'Panlayaan',12.9903,123.8887,596379.077,1436231.064),(3070,92,'Peñafrancia',12.9665,123.9812,606421.627,1433635.569),(3071,92,'Piot',12.9705,123.9982,608263.897,1434085.121),(3072,92,'Poblacion',13.0387,124.0395,612712.895,1441646.11),(3073,92,'Polvorista',12.9701,124.005,609001.661,1434043.775),(3074,92,'Rawis',13.0399,124.0309,611779.768,1441775.032),(3075,92,'Rizal',12.9786,123.9053,598184.068,1434943.396),(3076,92,'Salog',12.9741,124.0063,609140.927,1434486.737),(3077,92,'Salvacion',12.9927,123.8816,595608.112,1436493.824),(3078,92,'Salvacion (Bacon District)',13.0041,124.07,616036.455,1437832.955),(3079,92,'Sampaloc',12.9709,124.0097,609511.118,1434134.268),(3080,92,'San Isidro',12.9905,123.8958,597149.048,1436255.879),(3081,92,'San Isidro (Bacon District)',13.0012,124.0443,613250.444,1437500.633),(3082,92,'San Juan (Roro)',12.9767,124.0014,608608.307,1434772.209),(3083,92,'San Juan (Bacon District)',13.0578,124.0154,610091.031,1443748.041),(3084,92,'San Pascual',13.0134,124.048,613646.18,1438851.638),(3085,92,'San Ramon',12.9988,124.0544,614346.962,1437239.699),(3086,92,'San Roque',13.012,124.0245,611098.191,1438686.414),(3087,92,'San Vicente',12.9889,124.0561,614535.88,1436145.491),(3088,92,'Santa Cruz',13.0394,124.0167,610240.146,1441713.522),(3089,92,'Santa Lucia',12.9963,124.0738,616452.228,1436971.98),(3090,92,'Santo Domingo',13.0491,124.0197,610561.155,1442787.67),(3091,92,'Santo Niño',13.1114,123.9369,601557.293,1449643.451),(3092,92,'Sawanga',13.0712,124.128,622294.032,1445281.768),(3093,92,'Sirangan',12.9688,124.0063,609143.238,1433900.549),(3094,92,'Sugod',12.987,124.0807,617204.967,1435946.528),(3095,92,'Sulucan',12.9714,124.0065,609163.798,1434188.198),(3096,92,'Talisay',12.9683,124.0028,608763.811,1433843.754),(3097,92,'Ticol',12.9837,123.9474,602748.285,1435524.037),(3098,92,'Tugos',12.972,123.9881,607167.719,1434246.76);
/*!40000 ALTER TABLE `barangays` ENABLE KEYS */;
UNLOCK TABLES;

--
-- Table structure for table `municipalities`
--

DROP TABLE IF EXISTS `municipalities`;
/*!40101 SET @saved_cs_client     = @@character_set_client */;
/*!50503 SET character_set_client = utf8mb4 */;
CREATE TABLE `municipalities` (
  `id` int NOT NULL AUTO_INCREMENT,
  `province_id` int NOT NULL,
  `municipality` varchar(255) NOT NULL,
  `latitude` double DEFAULT NULL,
  `longitude` double DEFAULT NULL,
  `wgs84_51n_x_east` double DEFAULT NULL,
  `wgs84_51n_y_north` double DEFAULT NULL,
  PRIMARY KEY (`id`),
  UNIQUE KEY `id` (`id`),
  KEY `province_id` (`province_id`),
  CONSTRAINT `municipalities_ibfk_1` FOREIGN KEY (`province_id`) REFERENCES `provinces` (`id`)
) ENGINE=InnoDB AUTO_INCREMENT=93 DEFAULT CHARSET=utf8mb4 COLLATE=utf8mb4_0900_ai_ci;
/*!40101 SET character_set_client = @saved_cs_client */;

--
-- Dumping data for table `municipalities`
--

LOCK TABLES `municipalities` WRITE;
/*!40000 ALTER TABLE `municipalities` DISABLE KEYS */;
INSERT INTO `municipalities` VALUES (1,1,'Bacacay',13.2926,123.7912,585699.631,1469629.676),(2,1,'Camalig',13.1815,123.6552,571000.19,1457299.84),(3,1,'Daraga',13.1478,123.7131,577285.32,1453589.862),(4,1,'Guinobatan',13.1914,123.5997,564983.158,1458379.694),(5,1,'Jovellar',13.0688,123.6002,565069.606,1444821.143),(6,1,'Legazpi',13.1388,123.7343,579585.975,1452601.103),(7,1,'Libon',13.2998,123.4384,547483.398,1470331.651),(8,1,'Ligao',13.2411,123.5373,558209.555,1463860.828),(9,1,'Malilipot',13.319,123.7393,580069.068,1472532.176),(10,1,'Malinao',13.3974,123.7049,576318.594,1481192.15),(11,1,'Manito',13.1244,123.8697,594267.526,1451055.179),(12,1,'Oas',13.2575,123.5002,554186.522,1465666.204),(13,1,'Pio Duran',13.0429,123.4536,549181.004,1441923.815),(14,1,'Polangui',13.2937,123.4843,552456.271,1469666.247),(15,1,'Rapu-Rapu',13.1862,124.1258,621998.711,1458000.466),(16,1,'Santo Domingo',13.2371,123.7774,584223.898,1463486.8),(17,1,'Tabaco',13.3592,123.7298,579027.065,1476975.145),(18,1,'Tiwi',13.4569,123.6796,573561.153,1487764.997),(32,2,'Basud',14.0658,122.9629,495994.684,1555003.795),(33,2,'Capalonga',14.3317,122.4938,445413.759,1584470.874),(34,2,'Daet',14.1132,122.9559,495239.947,1560246.17),(35,2,'Jose Panganiban',14.2898,122.6917,466748.446,1579799.214),(36,2,'Labo',14.1555,122.8309,481751.082,1564930.531),(37,2,'Mercedes',14.1094,123.0093,501003.837,1559825.478),(38,2,'Paracale',14.2803,122.788,477133.93,1578736.89),(39,2,'San Lorenzo Ruiz',14.0368,122.8681,485758.275,1551800.186),(40,2,'San Vicente',14.1064,122.8731,486302.289,1559497.367),(41,2,'Santa Elena',14.1851,122.3938,434587.646,1568282.405),(42,2,'Talisay',14.1371,122.9256,491970.27,1562890.245),(43,2,'Vinzons',14.1736,122.9097,490255.794,1566927.623),(47,4,'Aroroy',12.5118,123.3975,543188.456,1383180.98),(48,4,'Baleno',12.4738,123.4975,554061.594,1378997.104),(49,4,'Balud',12.0376,123.193,521006.925,1330718.755),(50,4,'Batuan',12.4211,123.7815,584941.451,1373243.364),(51,4,'Cataingan',12.0002,123.9966,608493.921,1326771.948),(52,4,'Cawayan',11.9284,123.7689,583726.094,1318752.39),(53,4,'Claveria',12.9029,123.2457,526654.437,1426410.601),(54,4,'Dimasalang',12.1923,123.859,593446.362,1347965.887),(55,4,'Esperanza',11.7365,124.042,613545.931,1297626.631),(56,4,'Mandaon',12.2262,123.2841,530900.958,1351582.816),(57,4,'Masbate City',12.3689,123.6205,567455.03,1367424.66),(58,4,'Milagros',12.2182,123.5082,555277.96,1350733.837),(59,4,'Mobo',12.3383,123.6588,571627.14,1364050.638),(60,4,'Monreal',12.643,123.6636,572064.623,1397748.319),(61,4,'Palanas',12.1459,123.9218,600295.99,1342856.82),(62,4,'Pio V. Corpuz',11.8837,124.0498,614334.923,1313909.177),(63,4,'Placer',11.8681,123.912,599331.363,1312131.054),(64,4,'San Fernando',12.4835,123.7625,582856.419,1380138.232),(65,4,'San Jacinto',12.5669,123.7318,579494.711,1389352.075),(66,4,'San Pascual',13.1267,122.9821,498059.889,1451147.135),(67,4,'Uson',12.2253,123.7834,585211.167,1351590.433),(78,3,'Barcelona',12.8663,124.1451,624249.841,1422626.924),(79,3,'Bulan',12.6677,123.8775,595285.695,1400548.404),(80,3,'Bulusan',12.7518,124.1371,623437.422,1409958.87),(81,3,'Casiguran',12.8734,124.0093,609510.215,1423350.487),(82,3,'Castilla',12.9501,123.8789,595331.505,1431781.348),(83,3,'Donsol',12.9077,123.5986,564937.975,1427004.427),(84,3,'Gubat',12.9178,124.1241,621946.018,1428313.012),(85,3,'Irosin',12.7023,124.0341,612276.912,1404437.383),(86,3,'Juban',12.8476,123.9894,607361.814,1420488.615),(87,3,'Magallanes',12.8271,123.8371,590841.626,1418162.823),(88,3,'Matnog',12.5861,124.0856,617922.403,1391608.258),(89,3,'Pilar',12.9231,123.6741,573124.292,1428727.872),(90,3,'Prieto Diaz',13.0406,124.1932,629379.624,1441929.543),(91,3,'Santa Magdalena',12.6463,124.1079,620316.87,1398276.595),(92,3,'Sorsogon City',12.9707,124.0052,609023.094,1434110.221);
/*!40000 ALTER TABLE `municipalities` ENABLE KEYS */;
UNLOCK TABLES;

--
-- Table structure for table `provinces`
--

DROP TABLE IF EXISTS `provinces`;
/*!40101 SET @saved_cs_client     = @@character_set_client */;
/*!50503 SET character_set_client = utf8mb4 */;
CREATE TABLE `provinces` (
  `id` int NOT NULL AUTO_INCREMENT,
  `province` varchar(255) NOT NULL,
  PRIMARY KEY (`id`),
  UNIQUE KEY `id` (`id`),
  UNIQUE KEY `province` (`province`)
) ENGINE=InnoDB AUTO_INCREMENT=8 DEFAULT CHARSET=utf8mb4 COLLATE=utf8mb4_0900_ai_ci;
/*!40101 SET character_set_client = @saved_cs_client */;

--
-- Dumping data for table `provinces`
--

LOCK TABLES `provinces` WRITE;
/*!40000 ALTER TABLE `provinces` DISABLE KEYS */;
INSERT INTO `provinces` VALUES (1,'Albay'),(2,'Camarines Norte'),(4,'Masbate'),(3,'Sorsogon');
/*!40000 ALTER TABLE `provinces` ENABLE KEYS */;
UNLOCK TABLES;

--
-- Dumping events for database 'bicol_region_info_management_system'
--

--
-- Dumping routines for database 'bicol_region_info_management_system'
--
/*!40103 SET TIME_ZONE=@OLD_TIME_ZONE */;

/*!40101 SET SQL_MODE=@OLD_SQL_MODE */;
/*!40014 SET FOREIGN_KEY_CHECKS=@OLD_FOREIGN_KEY_CHECKS */;
/*!40014 SET UNIQUE_CHECKS=@OLD_UNIQUE_CHECKS */;
/*!40101 SET CHARACTER_SET_CLIENT=@OLD_CHARACTER_SET_CLIENT */;
/*!40101 SET CHARACTER_SET_RESULTS=@OLD_CHARACTER_SET_RESULTS */;
/*!40101 SET COLLATION_CONNECTION=@OLD_COLLATION_CONNECTION */;
/*!40111 SET SQL_NOTES=@OLD_SQL_NOTES */;

-- Dump completed on 2024-04-22 21:13:17
